property_id,area_name,latitude,longitude,plot_size_sqft,bhk,property_age_years,floor_number,furnishing_status,rera_registered,listed_price,actual_fair_value,zone_type,has_parking,has_garden,dist_railway_station_km,dist_airport_km,dist_city_center_km,dist_db_mall_km,dist_aiims_km,dist_manit_km,dist_upper_lake_km,dist_lower_lake_km,zone_price_index,furnishing_semi,furnishing_fully
1,Danish Kunj,23.223731,77.444869,1895,3,6,12,semi-furnished,1,17616278.45,16876169.47,commercial,True,True,6.03,13.07,5.19,2.23,4.11,3.42,4.97,8.11,3.86,1,0
2,Shamla Hills,23.238136,77.409268,1259,3,11,11,unfurnished,0,14234050.27,14841658.21,premium_residential,True,False,3.37,9.16,2.43,2.73,0.66,2.52,1.32,4.44,3.86,0,0
3,Piplani,23.206549,77.500865,2328,1,18,0,fully-furnished,0,7362614.91,7558357.11,budget,True,False,11.45,18.98,10.79,7.75,10.14,9.09,10.9,14.08,3.86,0,1
4,Danish Kunj,23.22,77.457864,834,4,3,12,semi-furnished,1,12459690.17,9001180.35,commercial,True,False,7.18,14.42,6.4,3.34,5.5,4.66,6.31,9.48,3.86,1,0
5,Govindpura,23.27659,77.486797,3117,3,14,0,unfurnished,0,17809357.3,18208236.94,residential,True,True,7.78,15.33,7.81,6.49,9.57,10.16,8.89,13.25,3.86,0,0
6,Nehru Nagar,23.234018,77.458344,864,1,8,0,fully-furnished,0,4659232.75,4536179.64,residential,False,True,6.14,13.72,5.49,2.49,5.36,5.11,5.72,9.42,3.86,0,1
7,MP Nagar,23.241726,77.437322,2982,4,11,9,semi-furnished,0,31617503.13,32867813.68,commercial,True,True,3.99,11.41,3.23,0.18,3.35,3.84,3.42,7.33,7.37,1,0
8,Indrapuri,23.255378,77.469835,1302,4,6,0,semi-furnished,1,7470442.48,7488887.44,residential,True,False,6.16,14.01,5.88,3.8,6.99,7.33,6.67,10.88,2.46,1,0
9,Raisen Road,23.193751,77.437286,2478,4,3,17,fully-furnished,1,28342413.92,29163541.31,premium_residential,False,False,8.69,14.57,7.75,5.35,5.4,3.5,6.99,8.46,3.86,0,1
10,Anand Nagar,23.281251,77.443087,2329,2,6,4,unfurnished,1,7741836.82,8010463.01,budget,False,True,3.55,10.83,3.91,4.41,6.55,7.91,5.26,9.51,3.86,0,0
11,Hoshangabad Road,23.215297,77.471149,2057,2,14,14,semi-furnished,1,17648640.49,17281798.73,commercial,True,True,8.5,15.85,7.77,4.69,6.95,5.99,7.75,10.91,5.96,1,0
12,MP Nagar,23.228897,77.425038,2960,5,4,17,semi-furnished,1,31891687.05,31598776.75,commercial,True,False,4.61,11.07,3.66,1.81,2.0,1.95,3.06,6.03,7.37,1,0
13,Katara Hills,23.189693,77.446043,1093,2,19,6,fully-furnished,1,8922653.64,9080695.05,residential,False,True,9.42,15.52,8.5,5.89,6.31,4.47,7.83,9.46,3.86,0,1
14,Raisen Road,23.175932,77.442542,946,2,6,11,fully-furnished,1,9856943.86,10253259.49,premium_residential,True,False,10.74,16.38,9.79,7.35,7.34,5.36,9.0,10.04,3.86,0,1
15,Shahpura,23.193859,77.4321,3193,5,19,0,fully-furnished,0,18114930.89,17714658.13,residential,True,True,8.54,14.19,7.58,5.34,5.09,3.13,6.75,8.0,4.74,0,1
16,Bawadia Kalan,23.216026,77.44929,2496,3,10,17,fully-furnished,1,35978239.28,34351149.55,premium_residential,False,False,6.99,13.92,6.14,3.2,4.81,3.76,5.85,8.7,3.86,0,1
17,Jahangirabad,23.247045,77.397708,2327,3,6,3,unfurnished,0,8660752.8,8672250.34,budget,False,True,2.75,7.63,2.09,3.92,1.77,3.8,0.79,3.58,3.86,0,0
18,Bittan Market,23.250242,77.432209,3324,2,5,23,semi-furnished,0,25430145.42,24563046.65,commercial,True,True,2.94,10.54,2.27,0.98,3.29,4.33,2.79,7.01,3.86,1,0
19,Ayodhya Bypass,23.265918,77.464469,927,2,9,4,unfurnished,0,3290279.28,3226708.05,developing,False,False,5.45,13.22,5.35,3.97,7.01,7.7,6.35,10.69,0.0,0,0
20,Katara Hills,23.196478,77.452256,2505,4,2,0,unfurnished,1,16963529.87,17723993.93,residential,True,False,9.01,15.48,8.11,5.32,6.23,4.58,7.6,9.68,3.86,0,0
21,Indrapuri,23.254316,77.4732,3318,1,1,0,semi-furnished,1,27305887.64,20944357.13,residential,True,False,6.53,14.37,6.23,4.08,7.27,7.54,7.0,11.19,2.46,1,0
22,DB City Road,23.225865,77.439642,3460,3,20,12,fully-furnished,1,24219982.43,23746216.42,commercial,True,False,5.54,12.49,4.68,1.83,3.53,2.99,4.4,7.55,3.86,0,1
23,Bittan Market,23.261222,77.432917,1435,3,18,12,unfurnished,1,9502203.05,9840278.57,commercial,False,True,2.35,10.2,2.08,2.15,4.17,5.46,3.14,7.5,3.86,0,0
24,Shamla Hills,23.239296,77.407477,1287,4,0,14,fully-furnished,1,23497608.88,23840984.19,premium_residential,False,False,3.26,8.94,2.34,2.89,0.71,2.68,1.15,4.27,3.86,0,1
25,MP Nagar,23.225603,77.431138,2043,1,16,5,unfurnished,0,13550939.22,13350976.73,commercial,True,False,5.17,11.79,4.25,1.87,2.7,2.2,3.76,6.69,7.37,0,0
26,Shahpura,23.207683,77.436634,3289,3,4,9,fully-furnished,0,32204043.77,31263180.56,residential,True,False,7.22,13.46,6.28,3.8,4.21,2.61,5.64,7.72,4.74,0,1
27,Govindpura,23.265563,77.481766,1756,3,4,4,unfurnished,1,14693862.1,10789828.29,residential,True,False,7.22,14.97,7.11,5.4,8.55,8.98,8.06,12.36,3.86,0,0
28,Bairagarh,23.270233,77.332884,1528,4,3,6,fully-furnished,1,8944850.83,8704253.97,budget,True,False,8.03,1.97,8.24,10.97,8.54,10.16,7.73,5.37,0.7,0,1
29,MP Nagar,23.227972,77.437897,3126,4,8,13,semi-furnished,1,35042077.36,35103434.83,commercial,True,False,5.25,12.22,4.38,1.57,3.31,2.93,4.12,7.35,7.37,1,0
30,Misrod,23.159466,77.504134,1195,2,20,6,unfurnished,0,6041591.95,4458894.47,residential,False,False,15.37,22.19,14.54,11.52,12.93,11.25,14.22,16.29,3.86,0,0
31,MP Nagar,23.237941,77.435218,1550,2,9,20,semi-furnished,1,17734830.45,17711228.17,commercial,False,False,4.18,11.42,3.36,0.45,3.04,3.39,3.34,7.08,7.37,1,0
32,DB City Road,23.239533,77.436385,2656,4,16,18,semi-furnished,1,24616901.81,24473963.46,commercial,False,False,4.11,11.44,3.32,0.28,3.19,3.6,3.39,7.21,3.86,1,0
33,Shahpura,23.206827,77.421124,972,1,19,4,semi-furnished,0,6186078.73,5966166.36,residential,True,True,6.9,12.38,5.94,4.17,3.29,1.31,5.0,6.31,4.74,1,0
34,DB City Road,23.228527,77.444942,1484,5,14,25,unfurnished,0,14970138.59,14935640.48,commercial,False,False,5.61,12.8,4.8,1.77,4.02,3.61,4.7,8.06,3.86,0,0
35,Hoshangabad Road,23.209936,77.46319,2196,3,2,8,fully-furnished,1,25810674.74,26641568.9,commercial,False,True,8.38,15.48,7.58,4.54,6.39,5.22,7.39,10.24,5.96,0,1
36,Bittan Market,23.248255,77.432888,2746,3,16,15,semi-furnished,1,28424718.52,20389981.44,commercial,True,False,3.15,10.69,2.44,0.75,3.23,4.17,2.86,7.02,3.86,1,0
37,Piplani,23.213414,77.493468,3297,1,17,2,semi-furnished,0,10187202.68,10117310.81,budget,True,True,10.39,17.96,9.75,6.72,9.21,8.28,9.89,13.19,3.86,1,0
38,Arera Colony,23.230674,77.430896,1184,1,5,18,fully-furnished,1,19013351.83,18536805.41,premium_residential,True,False,4.64,11.45,3.74,1.34,2.56,2.51,3.37,6.62,10.0,0,1
39,Piplani,23.203847,77.490211,2701,2,12,5,semi-furnished,0,11872055.81,11557328.5,budget,True,True,10.79,18.18,10.08,7.01,9.2,8.05,10.08,13.08,3.86,1,0
40,Jahangirabad,23.25037,77.39388,2052,3,1,4,fully-furnished,1,9923576.85,9869476.71,budget,False,False,2.68,7.09,2.19,4.37,2.29,4.3,1.14,3.42,3.86,0,1
41,Piplani,23.216983,77.488165,965,3,14,7,fully-furnished,1,4367046.24,4384965.07,budget,True,False,9.72,17.29,9.08,6.05,8.59,7.74,9.24,12.6,3.86,0,1
42,Shamla Hills,23.238683,77.417193,2706,3,15,16,semi-furnished,1,41563485.6,41671992.63,premium_residential,True,True,3.36,9.79,2.4,1.92,1.31,2.6,1.72,5.25,3.86,1,0
43,Jahangirabad,23.254339,77.395677,1828,2,9,0,unfurnished,1,6450507.9,6762026.24,budget,True,True,2.24,7.0,1.84,4.31,2.59,4.63,1.1,3.83,3.86,0,0
44,Misrod,23.170358,77.503935,3197,2,15,6,semi-furnished,1,13365448.61,13540840.27,residential,True,True,14.42,21.42,13.63,10.58,12.19,10.61,13.39,15.7,3.86,1,0
45,Indrapuri,23.250765,77.462778,1164,1,18,3,semi-furnished,1,6191027.74,6337264.41,residential,False,False,5.62,13.46,5.23,2.95,6.13,6.45,5.91,10.07,2.46,1,0
46,MP Nagar,23.226846,77.435579,2096,2,11,13,semi-furnished,0,12968073.96,12859795.15,commercial,True,True,5.24,12.09,4.35,1.68,3.1,2.66,4.0,7.12,7.37,1,0
47,Shamla Hills,23.239007,77.412907,3471,2,10,2,fully-furnished,1,60625418.63,43381128.64,premium_residential,True,False,3.27,9.41,2.31,2.35,0.97,2.59,1.41,4.82,3.86,0,1
48,DB City Road,23.233173,77.447488,1646,3,18,24,fully-furnished,1,16394417.77,16345642.33,commercial,False,True,5.39,12.77,4.64,1.56,4.25,4.07,4.7,8.31,3.86,0,1
49,Arera Colony,23.233512,77.428373,2628,3,3,10,semi-furnished,1,24550849.81,25606161.38,premium_residential,True,False,4.25,11.06,3.34,1.2,2.29,2.56,2.97,6.35,10.0,1,0
50,MP Nagar,23.223254,77.426634,2743,3,2,20,fully-furnished,1,34748777.41,33289561.26,commercial,True,False,5.25,11.58,4.31,2.27,2.37,1.67,3.65,6.27,7.37,0,1
51,Govindpura,23.265385,77.487429,2655,4,10,1,unfurnished,0,16307435.99,15714677.5,residential,False,True,7.8,15.54,7.68,5.9,9.07,9.44,8.62,12.91,3.86,0,0
52,Jahangirabad,23.258632,77.399983,3269,3,14,2,unfurnished,1,15523815.81,15457581.14,budget,True,True,1.59,7.16,1.3,4.08,2.9,4.94,1.14,4.47,3.86,0,0
53,DB City Road,23.238597,77.441454,3401,2,14,18,semi-furnished,0,34187691.51,35452906.53,commercial,False,False,4.53,11.95,3.78,0.71,3.68,3.9,3.92,7.72,3.86,1,0
54,Raisen Road,23.186998,77.447549,2458,4,5,12,fully-furnished,1,33423323.78,33468983.9,premium_residential,True,True,9.76,15.84,8.83,6.21,6.64,4.78,8.17,9.75,3.86,0,1
55,Raisen Road,23.190045,77.446701,894,3,3,10,semi-furnished,0,7644868.11,7317565.59,premium_residential,True,True,9.41,15.54,8.49,5.86,6.32,4.49,7.84,9.5,3.86,1,0
56,Govindpura,23.276037,77.471682,1784,2,7,3,semi-furnished,0,11361953.27,11770947.74,residential,False,False,6.23,13.8,6.3,5.28,8.24,9.02,7.43,11.79,3.86,1,0
57,Hoshangabad Road,23.214083,77.472029,2230,2,4,4,fully-furnished,1,24224037.7,25352843.55,commercial,False,False,8.66,16.0,7.92,4.84,7.08,6.09,7.9,11.02,5.96,0,1
58,Hoshangabad Road,23.209712,77.473056,1736,2,19,10,semi-furnished,0,13380383.66,13759308.38,commercial,True,False,9.07,16.34,8.32,5.24,7.33,6.22,8.24,11.22,5.96,1,0
59,Govindpura,23.276055,77.473865,824,3,5,6,unfurnished,1,5167732.62,5189013.29,residential,True,True,6.46,14.02,6.52,5.44,8.42,9.17,7.64,12.0,3.86,0,0
60,Anand Nagar,23.271692,77.434007,2524,2,6,5,unfurnished,0,7535239.98,7775753.59,budget,True,True,2.35,10.04,2.55,3.29,5.16,6.59,3.86,8.15,3.86,0,0
61,Nehru Nagar,23.238755,77.459031,2865,2,18,2,semi-furnished,0,13265170.23,12698663.23,residential,True,False,5.89,13.57,5.3,2.42,5.46,5.4,5.65,9.51,3.86,1,0
62,Shahpura,23.194115,77.43178,2934,5,17,3,unfurnished,1,16821947.66,16663562.2,residential,False,False,8.5,14.15,7.55,5.32,5.05,3.08,6.71,7.96,4.74,0,0
63,Misrod,23.169189,77.520049,2087,1,13,9,fully-furnished,1,13913091.53,10205270.9,residential,True,False,15.65,22.83,14.9,11.82,13.65,12.14,14.75,17.25,3.86,0,1
64,Arera Colony,23.225458,77.423131,1714,3,17,10,semi-furnished,1,14519050.27,14863795.74,premium_residential,False,False,4.92,11.14,3.96,2.23,1.94,1.53,3.24,5.87,10.0,1,0
65,MP Nagar,23.230104,77.439777,1704,3,11,19,unfurnished,0,15872371.15,15896568.33,commercial,True,False,5.15,12.25,4.32,1.39,3.47,3.21,4.15,7.53,7.37,0,0
66,Bairagarh,23.271188,77.342614,3457,2,10,6,unfurnished,1,13616311.94,13619764.69,budget,False,False,7.03,1.88,7.27,10.05,7.74,9.44,6.82,4.88,0.7,0,0
67,Govindpura,23.261928,77.46912,2874,4,5,4,semi-furnished,0,17690175.98,17829179.28,residential,False,True,5.96,13.77,5.79,4.08,7.21,7.73,6.71,11.0,3.86,1,0
68,Shamla Hills,23.237826,77.420361,1492,3,20,22,fully-furnished,0,21200112.4,21421505.0,premium_residential,False,False,3.52,10.12,2.57,1.63,1.56,2.59,2.03,5.56,3.86,0,1
69,MP Nagar,23.232875,77.429698,1550,2,2,24,unfurnished,1,11025022.45,11122013.58,commercial,False,False,4.37,11.22,3.47,1.18,2.43,2.59,3.12,6.49,7.37,0,0
70,Katara Hills,23.194266,77.450394,930,1,11,4,semi-furnished,1,5901984.6,6124411.82,residential,True,True,9.14,15.5,8.23,5.5,6.25,4.53,7.67,9.61,3.86,1,0
71,Shahpura,23.202511,77.429326,811,3,18,4,semi-furnished,0,4789766.86,4567046.61,residential,False,False,7.54,13.31,6.58,4.42,4.14,2.24,5.76,7.28,4.74,1,0
72,Nehru Nagar,23.244598,77.443183,1839,4,20,0,semi-furnished,1,8085575.64,8149333.87,residential,True,True,4.2,11.82,3.56,0.83,4.02,4.48,3.94,7.97,3.86,1,0
73,Jahangirabad,23.257201,77.392298,1201,3,6,1,unfurnished,1,3424110.59,3579699.98,budget,True,False,2.31,6.54,2.1,4.74,3.02,5.05,1.56,3.78,3.86,0,0
74,Misrod,23.17388,77.513068,1720,3,0,1,unfurnished,0,13394938.29,9654217.16,residential,False,False,14.78,21.95,14.02,10.95,12.77,11.28,13.87,16.38,3.86,0,0
75,Nehru Nagar,23.238879,77.460952,2714,5,19,0,semi-furnished,0,17588876.96,13188653.54,residential,True,True,6.05,13.74,5.47,2.62,5.66,5.58,5.84,9.71,3.86,1,0
76,Anand Nagar,23.278152,77.437076,2850,3,17,0,unfurnished,0,6161244.06,6233347.28,budget,True,True,2.85,10.25,3.22,4.01,5.93,7.37,4.57,8.81,3.86,0,0
77,Raisen Road,23.179965,77.451299,2908,2,5,15,fully-furnished,0,31222510.35,30202202.23,premium_residential,False,False,10.63,16.66,9.7,7.06,7.48,5.59,9.03,10.49,3.86,0,1
78,Ayodhya Bypass,23.278713,77.461507,1025,2,8,2,unfurnished,0,3358947.49,3221161.57,developing,True,False,5.26,12.73,5.42,4.85,7.61,8.6,6.63,10.98,0.0,0,0
79,Bairagarh,23.270613,77.349343,1320,2,4,1,unfurnished,1,5869464.11,6108000.55,budget,False,True,6.34,2.23,6.58,9.38,7.14,8.89,6.16,4.52,0.7,0,0
80,MP Nagar,23.240858,77.434622,2962,4,7,8,fully-furnished,0,27143922.21,26224537.83,commercial,True,False,3.88,11.21,3.09,0.16,3.06,3.59,3.18,7.05,7.37,0,1
81,Kolar Road,23.178767,77.42044,2516,3,5,9,unfurnished,0,15353358.48,11325724.88,budget,True,False,9.98,14.74,9.02,7.17,6.19,4.16,7.98,8.16,1.23,0,0
82,Nehru Nagar,23.241349,77.442428,2047,1,16,2,unfurnished,0,8957713.34,9156086.41,residential,True,True,4.38,11.9,3.68,0.7,3.84,4.18,3.93,7.85,3.86,0,0
83,Danish Kunj,23.218625,77.46046,2235,3,4,17,unfurnished,1,21437944.8,21773511.51,commercial,True,False,7.47,14.72,6.7,3.63,5.8,4.91,6.62,9.77,3.86,0,0
84,Jahangirabad,23.242792,77.391642,2926,4,10,1,fully-furnished,0,13134806.93,13592009.76,budget,True,False,3.49,7.44,2.86,4.5,1.83,3.7,1.55,2.82,3.86,0,1
85,Katara Hills,23.186715,77.442848,1773,2,10,1,semi-furnished,0,12686502.1,12979560.86,residential,True,False,9.62,15.53,8.68,6.17,6.36,4.45,7.95,9.36,3.86,1,0
86,Bawadia Kalan,23.205139,77.447615,1733,2,2,10,fully-furnished,1,16852777.62,17399962.03,premium_residential,True,False,7.94,14.51,7.04,4.26,5.26,3.77,6.56,8.87,3.86,0,1
87,Bairagarh,23.27085,77.335809,1326,3,13,1,semi-furnished,0,5448339.18,5399600.26,budget,True,False,7.73,1.85,7.95,10.7,8.32,9.96,7.47,5.23,0.7,1,0
88,Bittan Market,23.2606,77.430602,901,4,10,7,fully-furnished,1,7699971.88,7610054.71,commercial,True,True,2.16,9.99,1.84,2.12,3.96,5.31,2.9,7.26,3.86,0,1
89,Anand Nagar,23.27032,77.447816,1041,2,1,0,semi-furnished,1,4676237.33,4901108.27,budget,True,False,3.74,11.46,3.78,3.38,5.95,7.05,4.96,9.31,3.86,1,0
90,Govindpura,23.259891,77.481629,2786,4,8,3,semi-furnished,0,16100341.96,15628777.84,residential,False,True,7.26,15.07,7.06,5.11,8.29,8.6,7.93,12.17,3.86,1,0
91,Misrod,23.174097,77.503902,1907,3,5,4,semi-furnished,0,8031123.6,8263141.05,residential,False,False,14.11,21.17,13.33,10.27,11.96,10.42,13.12,15.52,3.86,1,0
92,Indrapuri,23.245138,77.459042,3156,3,18,4,unfurnished,0,12441783.55,12985178.89,residential,True,True,5.53,13.3,5.03,2.42,5.59,5.77,5.55,9.59,2.46,0,0
93,Piplani,23.212505,77.482644,2782,2,6,5,semi-furnished,0,8752102.4,9174006.53,budget,True,False,9.58,17.03,8.88,5.82,8.17,7.18,8.94,12.12,3.86,1,0
94,Bairagarh,23.271343,77.337777,1436,2,12,1,semi-furnished,0,4650069.45,4589243.37,budget,True,False,7.53,1.79,7.76,10.52,8.17,9.84,7.3,5.16,0.7,1,0
95,Indrapuri,23.257828,77.45902,1352,2,14,4,unfurnished,0,5381197.96,5659039.6,residential,True,False,5.02,12.87,4.76,2.97,6.08,6.67,5.61,9.88,2.46,0,0
96,Arera Colony,23.236769,77.425217,1100,2,10,9,semi-furnished,0,8264750.04,8306754.11,premium_residential,False,False,3.79,10.6,2.87,1.21,2.01,2.68,2.5,6.05,10.0,1,0
97,Bittan Market,23.258407,77.430765,1419,3,19,14,fully-furnished,1,12544078.02,12779012.36,commercial,True,True,2.28,10.08,1.87,1.88,3.79,5.09,2.82,7.18,3.86,0,1
98,Bairagarh,23.270296,77.346758,2833,2,7,9,unfurnished,0,10676061.62,10811971.59,budget,True,True,6.61,2.13,6.83,9.62,7.34,9.06,6.39,4.6,0.7,0,0
99,Jahangirabad,23.249271,77.394386,1503,1,8,6,unfurnished,1,5751201.93,5516383.37,budget,False,False,2.74,7.21,2.2,4.29,2.16,4.17,1.09,3.4,3.86,0,0
100,Piplani,23.215057,77.496446,1800,2,12,3,unfurnished,0,5478706.81,5536187.56,budget,False,True,10.53,18.15,9.91,6.91,9.47,8.58,10.1,13.47,3.86,0,0
101,Ayodhya Bypass,23.269708,77.47007,2240,2,16,4,unfurnished,0,6829552.57,6534532.44,developing,True,True,6.01,13.72,5.98,4.68,7.71,8.4,7.03,11.37,0.0,0,0
102,Shamla Hills,23.234865,77.409516,1814,4,20,23,unfurnished,0,27153927.55,28281155.5,premium_residential,False,True,3.73,9.4,2.79,2.78,0.41,2.16,1.67,4.43,3.86,0,0
103,Raisen Road,23.180736,77.437997,2492,4,2,18,semi-furnished,0,32642677.66,31510153.0,premium_residential,True,True,10.1,15.68,9.14,6.79,6.65,4.65,8.32,9.34,3.86,1,0
104,Danish Kunj,23.218303,77.455381,3159,4,9,3,fully-furnished,1,30650490.09,31886724.55,commercial,False,False,7.16,14.3,6.36,3.31,5.31,4.39,6.2,9.26,3.86,0,1
105,Nehru Nagar,23.243232,77.458684,2043,2,8,2,fully-furnished,0,10255635.69,10023140.85,residential,True,True,5.6,13.34,5.06,2.37,5.51,5.62,5.54,9.52,3.86,0,1
106,Raisen Road,23.184075,77.445651,945,4,9,5,fully-furnished,0,9391089.24,9786753.43,premium_residential,True,False,9.99,15.94,9.05,6.5,6.77,4.86,8.35,9.76,3.86,0,1
107,Kolar Road,23.170845,77.408305,2346,2,13,0,unfurnished,0,8853721.73,8659305.73,budget,True,True,10.82,14.82,9.87,8.36,6.89,4.98,8.71,8.11,1.23,0,0
108,Katara Hills,23.202125,77.443768,2403,3,9,1,semi-furnished,0,16964285.35,17193028.14,residential,False,False,8.07,14.42,7.15,4.49,5.16,3.52,6.57,8.63,3.86,1,0
109,DB City Road,23.2269,77.430288,3408,4,4,8,semi-furnished,1,33202618.44,34758627.04,commercial,True,False,5.0,11.64,4.08,1.76,2.58,2.2,3.59,6.58,3.86,1,0
110,Govindpura,23.271037,77.480056,3201,3,19,9,unfurnished,0,12597960.04,12552985.6,residential,True,False,7.04,14.71,7.01,5.57,8.67,9.24,8.05,12.38,3.86,0,0
111,Kolar Road,23.164625,77.409717,3362,4,12,0,semi-furnished,0,22225165.61,16764793.21,budget,True,False,11.5,15.49,10.56,8.97,7.58,5.65,9.4,8.77,1.23,1,0
112,Bittan Market,23.257014,77.431788,2990,5,4,11,semi-furnished,1,27015417.16,26927951.97,commercial,True,False,2.45,10.23,1.99,1.71,3.75,4.99,2.87,7.21,3.86,1,0
113,Indrapuri,23.254519,77.471201,1747,4,14,5,unfurnished,0,11651980.95,11244899.31,residential,True,True,6.32,14.17,6.03,3.9,7.09,7.39,6.8,11.0,2.46,0,0
114,Raisen Road,23.187727,77.435084,3183,4,19,5,semi-furnished,1,42884816.14,32648856.66,premium_residential,True,True,9.27,14.9,8.32,6.01,5.83,3.85,7.49,8.64,3.86,1,0
115,Raisen Road,23.177199,77.447834,927,3,12,8,fully-furnished,1,9213021.0,9318826.17,premium_residential,False,False,10.78,16.64,9.84,7.28,7.52,5.58,9.12,10.38,3.86,0,1
116,MP Nagar,23.238815,77.433496,1441,3,17,25,semi-furnished,1,12786072.03,13042653.43,commercial,True,False,4.0,11.21,3.17,0.41,2.89,3.34,3.14,6.91,7.37,1,0
117,Piplani,23.202455,77.495032,1408,3,6,1,unfurnished,0,5090839.61,5139771.04,budget,True,True,11.27,18.68,10.57,7.5,9.72,8.56,10.58,13.6,3.86,0,0
118,Bawadia Kalan,23.206255,77.449483,2349,2,4,13,unfurnished,1,29416880.12,30524587.79,premium_residential,True,False,7.92,14.58,7.04,4.21,5.35,3.91,6.6,9.01,3.86,0,0
119,Danish Kunj,23.220179,77.44767,2809,2,20,2,semi-furnished,1,20051395.32,20780289.37,commercial,True,True,6.52,13.52,5.68,2.71,4.5,3.63,5.44,8.45,3.86,1,0
120,Raisen Road,23.192893,77.43717,1393,3,8,11,fully-furnished,1,20374746.18,20056465.82,premium_residential,True,False,8.78,14.63,7.84,5.44,5.47,3.56,7.07,8.5,3.86,0,1
121,Hoshangabad Road,23.219363,77.466052,2876,2,17,13,fully-furnished,0,23170931.66,24220523.09,commercial,True,False,7.81,15.17,7.08,4.0,6.33,5.49,7.08,10.32,5.96,0,1
122,Nehru Nagar,23.234203,77.457049,3296,3,7,5,unfurnished,1,29326431.45,21012738.52,residential,True,True,6.03,13.59,5.37,2.36,5.23,4.99,5.59,9.29,3.86,0,0
123,Ayodhya Bypass,23.269852,77.468339,2474,5,18,1,unfurnished,0,9531777.07,7286081.64,developing,True,True,5.84,13.54,5.81,4.55,7.57,8.28,6.87,11.22,0.0,0,0
124,Bairagarh,23.271099,77.344138,2516,4,15,0,unfurnished,0,10173341.89,10305074.73,budget,False,False,6.88,1.94,7.11,9.9,7.61,9.32,6.68,4.8,0.7,0,0
125,Indrapuri,23.247188,77.467659,3261,4,11,4,unfurnished,0,16837358.15,16904062.43,residential,True,False,6.23,14.06,5.81,3.33,6.5,6.63,6.42,10.49,2.46,0,0
126,Bittan Market,23.2567,77.4234,2453,3,6,12,unfurnished,1,22139631.11,21617119.26,commercial,True,False,1.8,9.44,1.16,2.05,3.17,4.68,2.05,6.41,3.86,0,0
127,Bawadia Kalan,23.218736,77.443184,2047,4,1,18,fully-furnished,1,30783755.34,32386124.89,premium_residential,True,False,6.4,13.24,5.53,2.69,4.12,3.15,5.18,8.02,3.86,0,1
128,Govindpura,23.272715,77.47295,3434,4,5,2,semi-furnished,0,18952092.89,18777380.01,residential,False,False,6.33,13.96,6.34,5.12,8.14,8.84,7.42,11.77,3.86,1,0
129,MP Nagar,23.236461,77.424338,1670,1,5,11,semi-furnished,0,19771920.22,20330106.14,commercial,True,True,3.79,10.54,2.86,1.31,1.92,2.6,2.44,5.95,7.37,1,0
130,Anand Nagar,23.274613,77.44437,961,3,18,3,unfurnished,1,2728169.95,2652598.22,budget,True,False,3.45,11.04,3.64,3.72,6.05,7.3,4.9,9.23,3.86,0,0
131,DB City Road,23.223997,77.445403,2866,3,3,7,semi-furnished,1,29685743.23,30293294.92,commercial,True,False,6.04,13.1,5.2,2.23,4.15,3.48,5.0,8.16,3.86,1,0
132,Arera Colony,23.229725,77.435324,2575,2,14,11,fully-furnished,0,32231144.59,32681378.16,premium_residential,True,False,4.95,11.89,4.07,1.36,3.02,2.8,3.79,7.07,10.0,0,1
133,Jahangirabad,23.257952,77.392323,1346,3,18,3,unfurnished,0,5879227.07,4228469.3,budget,True,False,2.27,6.5,2.09,4.77,3.1,5.13,1.61,3.85,3.86,0,0
134,Bawadia Kalan,23.207637,77.45579,2661,1,13,18,fully-furnished,0,49299488.92,37756975.04,premium_residential,True,True,8.13,15.0,7.28,4.33,5.82,4.51,6.96,9.58,3.86,0,1
135,Danish Kunj,23.21274,77.459325,1431,5,15,19,unfurnished,0,8852635.42,8512285.84,commercial,False,False,7.89,14.97,7.08,4.05,5.9,4.79,6.88,9.78,3.86,0,0
136,Jahangirabad,23.246124,77.397965,1170,5,11,1,unfurnished,0,5227416.87,5195607.91,budget,True,True,2.83,7.71,2.14,3.88,1.67,3.7,0.81,3.56,3.86,0,0
137,Bairagarh,23.27111,77.336648,2875,3,8,4,unfurnished,0,8166887.43,8405528.41,budget,False,False,7.64,1.82,7.87,10.63,8.26,9.91,7.4,5.21,0.7,0,0
138,Shahpura,23.197946,77.427135,1436,3,11,6,semi-furnished,1,9638075.07,9934763.08,residential,True,False,7.98,13.52,7.02,4.96,4.44,2.46,6.13,7.33,4.74,1,0
139,Danish Kunj,23.225243,77.452097,1891,4,14,21,fully-furnished,1,20000050.37,20992651.32,commercial,True,False,6.35,13.61,5.57,2.51,4.8,4.18,5.51,8.82,3.86,0,1
140,Bawadia Kalan,23.217084,77.451974,1811,4,6,11,fully-furnished,0,20177102.97,20130140.1,premium_residential,True,False,7.05,14.08,6.22,3.23,5.02,4.03,5.99,8.94,3.86,0,1
141,Hoshangabad Road,23.217152,77.469992,3414,3,14,5,fully-furnished,0,28189584.53,28832832.07,commercial,False,False,8.27,15.65,7.54,4.47,6.78,5.88,7.55,10.76,5.96,0,1
142,Bittan Market,23.266055,77.430537,3496,4,13,13,unfurnished,0,30488433.52,29044685.64,commercial,True,False,1.99,9.82,1.96,2.71,4.44,5.88,3.2,7.53,3.86,0,0
143,MP Nagar,23.234395,77.434848,2739,4,4,8,fully-furnished,1,31310391.02,32098992.71,commercial,False,True,4.48,11.58,3.63,0.85,2.96,3.09,3.48,7.02,7.37,0,1
144,Bawadia Kalan,23.216496,77.451709,3003,4,0,10,semi-furnished,1,41965327.48,41463910.35,premium_residential,True,True,7.09,14.09,6.26,3.27,5.02,4.0,6.01,8.93,3.86,1,0
145,Bairagarh,23.271082,77.344783,1523,3,1,0,unfurnished,0,6895831.59,6798690.6,budget,True,False,6.81,1.97,7.05,9.84,7.55,9.27,6.61,4.77,0.7,0,0
146,Raisen Road,23.192928,77.436611,2990,2,2,18,fully-furnished,1,32373862.19,33867082.55,premium_residential,False,False,8.76,14.59,7.81,5.44,5.43,3.51,7.04,8.45,3.86,0,1
147,Misrod,23.163006,77.520444,3066,3,1,7,semi-furnished,1,19333001.21,18557169.47,residential,True,False,16.16,23.26,15.4,12.33,14.05,12.48,15.21,17.58,3.86,1,0
148,Kolar Road,23.178754,77.423156,2249,3,19,3,semi-furnished,0,7666465.9,7705113.04,budget,False,False,10.01,14.9,9.05,7.12,6.26,4.22,8.04,8.36,1.23,1,0
149,DB City Road,23.222205,77.430267,3312,2,0,15,semi-furnished,1,41391243.76,42736017.25,commercial,True,True,5.48,11.94,4.55,2.26,2.76,1.95,3.97,6.65,3.86,1,0
150,Kolar Road,23.16939,77.419592,2493,3,10,3,unfurnished,0,11066063.24,11509246.34,budget,False,False,11.01,15.55,10.05,8.21,7.18,5.17,8.99,8.9,1.23,0,0
151,Hoshangabad Road,23.223793,77.470684,1776,1,0,3,fully-furnished,1,14537508.06,15032712.81,commercial,True,False,7.84,15.36,7.16,4.12,6.7,6.01,7.3,10.73,5.96,0,1
152,Ayodhya Bypass,23.274726,77.470934,978,2,6,6,fully-furnished,1,4198471.58,4209881.57,developing,True,True,6.14,13.73,6.19,5.12,8.09,8.86,7.31,11.67,0.0,0,1
153,Hoshangabad Road,23.215725,77.469982,3061,2,16,22,semi-furnished,0,19178667.64,19236871.17,commercial,True,False,8.38,15.72,7.64,4.57,6.82,5.87,7.62,10.78,5.96,1,0
154,Kolar Road,23.170214,77.40784,1500,1,13,7,unfurnished,0,3994171.49,4109860.01,budget,True,False,10.89,14.86,9.94,8.44,6.96,5.05,8.77,8.14,1.23,0,0
155,Shahpura,23.19457,77.437535,2600,4,16,2,semi-furnished,0,20328467.21,21106255.69,residential,True,True,8.62,14.52,7.67,5.26,5.34,3.46,6.93,8.44,4.74,1,0
156,Indrapuri,23.241704,77.463197,818,3,7,5,unfurnished,0,4289214.0,4196310.44,residential,True,True,6.08,13.83,5.56,2.82,5.93,5.93,6.02,9.96,2.46,0,0
157,Indrapuri,23.239423,77.460552,1526,1,19,2,semi-furnished,0,6619520.15,6916220.72,residential,True,True,5.98,13.68,5.41,2.57,5.63,5.57,5.79,9.67,2.46,1,0
158,Piplani,23.205995,77.500035,1758,3,9,0,semi-furnished,0,5698816.83,5493524.59,budget,True,False,11.42,18.93,10.76,7.71,10.08,9.01,10.85,14.01,3.86,1,0
159,Anand Nagar,23.276158,77.44712,2428,1,15,5,unfurnished,0,7656649.37,7427854.64,budget,False,False,3.76,11.3,3.96,3.96,6.37,7.58,5.23,9.56,3.86,0,0
160,DB City Road,23.236712,77.44275,2481,3,12,19,semi-furnished,0,22589762.29,21809921.63,commercial,True,True,4.77,12.16,4.01,0.94,3.78,3.87,4.11,7.84,3.86,1,0
161,Misrod,23.172987,77.504277,3407,1,3,3,unfurnished,1,18412117.85,18637802.48,residential,True,False,14.23,21.27,13.44,10.38,12.06,10.51,13.22,15.61,3.86,0,0
162,Bawadia Kalan,23.205712,77.442634,925,3,16,10,semi-furnished,0,9427322.15,9253109.93,premium_residential,True,False,7.66,14.07,6.74,4.08,4.82,3.26,6.18,8.37,3.86,1,0
163,Nehru Nagar,23.250641,77.44687,1242,3,12,0,semi-furnished,1,5301509.75,5513137.62,residential,True,True,4.14,11.92,3.65,1.5,4.62,5.23,4.29,8.48,3.86,1,0
164,Shahpura,23.196196,77.42838,3493,3,8,9,semi-furnished,1,25444322.14,25339397.76,residential,False,True,8.2,13.75,7.24,5.13,4.68,2.69,6.36,7.54,4.74,1,0
165,MP Nagar,23.232758,77.434945,1164,4,18,17,unfurnished,0,8758717.79,8719629.73,commercial,True,False,4.64,11.68,3.78,1.03,2.96,2.97,3.58,7.03,7.37,0,0
166,Arera Colony,23.232909,77.425384,3330,2,1,25,fully-furnished,1,51683282.41,51067104.28,premium_residential,True,False,4.2,10.84,3.26,1.45,1.98,2.32,2.77,6.05,10.0,0,1
167,MP Nagar,23.237816,77.42726,3364,3,3,15,semi-furnished,1,35777006.99,35601412.0,commercial,False,True,3.77,10.72,2.87,0.97,2.24,2.88,2.61,6.26,7.37,1,0
168,MP Nagar,23.239084,77.429815,1357,1,5,25,semi-furnished,0,12976697.28,13140520.27,commercial,True,False,3.77,10.87,2.9,0.67,2.53,3.14,2.78,6.54,7.37,1,0
169,DB City Road,23.230249,77.440154,3254,2,10,18,fully-furnished,0,43759266.79,42457563.15,commercial,False,True,5.16,12.28,4.33,1.38,3.51,3.25,4.18,7.56,3.86,0,1
170,Bawadia Kalan,23.202909,77.443385,915,1,16,3,fully-furnished,0,6206143.4,6128560.42,premium_residential,False,False,7.97,14.33,7.05,4.4,5.07,3.45,6.48,8.56,3.86,0,1
171,Kolar Road,23.179852,77.422285,2549,3,9,2,semi-furnished,1,12873941.4,13531127.59,budget,True,True,9.88,14.75,8.92,7.02,6.12,4.08,7.9,8.21,1.23,1,0
172,Arera Colony,23.228136,77.435258,2372,1,7,19,fully-furnished,0,41112211.96,30481425.3,premium_residential,False,False,5.1,11.98,4.21,1.54,3.04,2.7,3.89,7.08,10.0,0,1
173,Indrapuri,23.244007,77.469148,2814,1,2,4,semi-furnished,1,15981884.96,16404748.15,residential,True,False,6.51,14.32,6.05,3.44,6.58,6.59,6.59,10.6,2.46,1,0
174,DB City Road,23.220805,77.430358,1836,3,1,23,semi-furnished,0,20186344.03,20234021.48,commercial,True,False,5.63,12.04,4.7,2.41,2.84,1.91,4.09,6.69,3.86,1,0
175,Arera Colony,23.23228,77.426985,2356,2,18,22,fully-furnished,0,49099016.24,35884228.47,premium_residential,True,True,4.32,11.02,3.39,1.39,2.15,2.36,2.94,6.21,10.0,0,1
176,Indrapuri,23.247663,77.460093,852,4,3,1,semi-furnished,1,6318171.4,6237361.58,residential,True,False,5.5,13.31,5.05,2.58,5.77,6.02,5.64,9.74,2.46,1,0
177,Katara Hills,23.187731,77.449249,2264,1,17,0,fully-furnished,1,14194849.78,14783387.7,residential,True,False,9.75,15.91,8.83,6.17,6.69,4.86,8.19,9.85,3.86,0,1
178,Arera Colony,23.223899,77.4339,2497,2,3,12,semi-furnished,0,24777497.06,25766887.08,premium_residential,False,False,5.45,12.13,4.54,2.01,3.03,2.37,4.09,6.99,10.0,1,0
179,Arera Colony,23.239903,77.439485,1705,2,20,24,fully-furnished,0,15798487.12,15365452.01,premium_residential,False,False,4.28,11.7,3.53,0.46,3.51,3.85,3.68,7.53,10.0,0,1
180,Govindpura,23.277789,77.470996,2325,5,8,4,fully-furnished,1,18595724.04,19198513.2,residential,True,True,6.19,13.71,6.29,5.37,8.3,9.12,7.45,11.81,3.86,0,1
181,MP Nagar,23.239644,77.441307,1448,3,10,19,fully-furnished,1,17042644.3,16647927.68,commercial,False,False,4.43,11.88,3.7,0.64,3.69,3.97,3.87,7.71,7.37,0,1
182,DB City Road,23.232697,77.436803,3335,3,0,10,unfurnished,1,31682755.76,32436606.24,commercial,False,True,4.75,11.84,3.9,1.04,3.15,3.12,3.74,7.22,3.86,0,0
183,Ayodhya Bypass,23.275861,77.463938,2615,4,16,3,unfurnished,0,8321330.68,7952722.59,developing,True,False,5.45,13.01,5.54,4.74,7.59,8.49,6.71,11.07,0.0,0,0
184,DB City Road,23.235046,77.437998,3312,3,11,19,fully-furnished,1,34129175.79,35859194.13,commercial,True,True,4.6,11.82,3.79,0.81,3.28,3.38,3.73,7.34,3.86,0,1
185,Ayodhya Bypass,23.268936,77.473881,3366,2,11,4,fully-furnished,0,15504036.34,15663798.8,developing,True,True,6.4,14.11,6.35,4.92,8.01,8.62,7.37,11.71,0.0,0,1
186,Raisen Road,23.193589,77.446503,3004,2,12,2,fully-furnished,0,29988240.35,28583836.7,premium_residential,False,False,9.04,15.26,8.12,5.48,6.02,4.24,7.5,9.29,3.86,0,1
187,Jahangirabad,23.257839,77.3953,1913,2,9,2,unfurnished,0,6783042.58,6687531.97,budget,False,False,2.02,6.77,1.78,4.48,2.96,5.0,1.36,4.05,3.86,0,0
188,Arera Colony,23.228204,77.44095,1015,3,14,17,fully-furnished,0,11846340.42,12411610.04,premium_residential,True,False,5.4,12.47,4.55,1.62,3.62,3.22,4.36,7.66,10.0,0,1
189,Arera Colony,23.240459,77.433193,2862,2,20,23,fully-furnished,0,31851132.3,30732584.3,premium_residential,False,False,3.83,11.1,3.01,0.3,2.9,3.47,3.05,6.9,10.0,0,1
190,Bittan Market,23.263573,77.433024,3180,3,11,24,fully-furnished,0,24839201.85,24667663.46,commercial,False,True,2.29,10.14,2.13,2.4,4.37,5.71,3.27,7.63,3.86,0,1
191,Katara Hills,23.191479,77.459588,2806,1,17,6,fully-furnished,0,18162635.92,17707016.32,residential,False,True,9.86,16.42,8.97,6.11,7.16,5.5,8.51,10.59,3.86,0,1
192,Nehru Nagar,23.248284,77.457762,2819,2,0,9,fully-furnished,0,22518242.48,21787473.56,residential,True,False,5.26,13.06,4.8,2.37,5.56,5.87,5.4,9.51,3.86,0,1
193,Raisen Road,23.182741,77.450824,3018,1,9,18,unfurnished,1,30408822.84,31614923.89,premium_residential,True,False,10.32,16.41,9.4,6.75,7.21,5.34,8.75,10.28,3.86,0,0
194,Hoshangabad Road,23.208676,77.477102,3393,5,6,18,fully-furnished,0,32076304.67,32541250.28,commercial,True,True,9.45,16.75,8.7,5.63,7.76,6.65,8.65,11.65,5.96,0,1
195,Jahangirabad,23.262149,77.398926,1492,2,3,7,fully-furnished,1,8770559.14,8387806.67,budget,False,False,1.45,6.89,1.42,4.37,3.31,5.34,1.54,4.65,3.86,0,1
196,Shamla Hills,23.237376,77.414202,2838,4,7,20,fully-furnished,1,43714218.51,44810695.56,premium_residential,True,False,3.46,9.62,2.5,2.25,0.97,2.42,1.63,4.93,3.86,0,1
197,Kolar Road,23.171231,77.420801,1274,1,14,0,semi-furnished,1,6007598.75,5818617.13,budget,False,False,10.82,15.45,9.86,7.98,7.01,4.98,8.81,8.82,1.23,1,0
198,Shamla Hills,23.235251,77.408157,1480,1,5,7,semi-furnished,1,18418402.2,19384784.45,premium_residential,True,False,3.7,9.27,2.77,2.91,0.33,2.22,1.6,4.29,3.86,1,0
199,Misrod,23.161622,77.508502,2334,3,8,2,unfurnished,0,9454779.07,9089438.02,residential,False,False,15.46,22.38,14.66,11.62,13.14,11.5,14.38,16.56,3.86,0,0
200,Raisen Road,23.195297,77.447385,1012,3,7,14,fully-furnished,1,12653223.51,12548104.55,premium_residential,True,True,8.91,15.2,7.99,5.31,5.95,4.21,7.4,9.29,3.86,0,1
201,Katara Hills,23.194869,77.450837,2383,2,20,5,unfurnished,0,9801469.75,10211741.8,residential,True,False,9.1,15.49,8.2,5.45,6.24,4.54,7.65,9.62,3.86,0,0
202,DB City Road,23.23822,77.442792,966,4,16,5,semi-furnished,0,7527297.45,7825549.16,commercial,True,True,4.65,12.09,3.91,0.85,3.81,3.98,4.06,7.85,3.86,1,0
203,Bairagarh,23.270442,77.342025,2297,2,3,7,unfurnished,0,11952524.36,11712567.8,budget,True,True,7.09,1.95,7.32,10.08,7.75,9.44,6.85,4.84,0.7,0,0
204,Piplani,23.213024,77.491886,1991,1,0,0,fully-furnished,0,9436665.6,9701788.93,budget,True,False,10.28,17.83,9.63,6.59,9.06,8.12,9.76,13.04,3.86,0,1
205,Katara Hills,23.199606,77.444345,1251,3,1,6,unfurnished,1,9668435.02,10164293.18,residential,False,False,8.35,14.65,7.43,4.78,5.39,3.7,6.83,8.8,3.86,0,0
206,Kolar Road,23.167856,77.407438,1835,2,10,9,unfurnished,0,8084712.35,8294452.89,budget,True,False,11.15,15.07,10.21,8.7,7.22,5.31,9.03,8.34,1.23,0,0
207,Arera Colony,23.227015,77.431255,818,3,1,25,fully-furnished,1,12193443.16,12071398.08,premium_residential,True,True,5.03,11.71,4.11,1.72,2.67,2.29,3.66,6.68,10.0,0,1
208,Anand Nagar,23.268957,77.437826,1160,5,9,0,unfurnished,0,3932702.03,3963327.2,budget,True,False,2.71,10.48,2.77,2.99,5.14,6.45,4.0,8.34,3.86,0,0
209,Bairagarh,23.2615,77.3421,2542,3,8,2,unfurnished,0,8369123.67,8204106.61,budget,False,False,7.12,2.92,7.22,9.81,7.26,8.83,6.57,4.02,0.7,0,0
210,Nehru Nagar,23.239363,77.442608,1891,4,8,2,fully-furnished,1,13303509.99,12697815.37,residential,True,False,4.55,12.01,3.82,0.77,3.81,4.04,4.01,7.84,3.86,0,1
211,Bairagarh,23.271425,77.336683,842,3,9,4,semi-furnished,1,3309239.33,3277416.99,budget,False,True,7.64,1.78,7.87,10.63,8.27,9.93,7.4,5.23,0.7,1,0
212,Kolar Road,23.166223,77.42273,2473,4,18,6,unfurnished,0,8602010.8,8202030.9,budget,True,True,11.39,16.02,10.43,8.49,7.59,5.57,9.39,9.38,1.23,0,0
213,Bittan Market,23.254069,77.431307,1448,1,20,16,fully-furnished,0,10119322.14,10201557.29,commercial,True,False,2.6,10.3,2.02,1.41,3.49,4.67,2.74,7.05,3.86,0,1
214,Katara Hills,23.194277,77.445222,1055,3,10,0,fully-furnished,0,6471920.51,6630905.35,residential,True,False,8.92,15.11,8.0,5.38,5.87,4.09,7.36,9.14,3.86,0,1
215,DB City Road,23.222038,77.439228,2832,2,20,20,semi-furnished,0,32294918.27,31530213.38,commercial,False,False,5.89,12.69,5.0,2.24,3.61,2.82,4.63,7.56,3.86,1,0
216,Anand Nagar,23.280853,77.448862,2637,4,4,3,fully-furnished,0,12913712.36,13053738.85,budget,True,True,4.08,11.43,4.38,4.51,6.88,8.12,5.68,9.98,3.86,0,1
217,Piplani,23.215477,77.488178,3272,4,9,3,unfurnished,1,13253988.34,12966229.81,budget,False,True,9.82,17.37,9.17,6.13,8.63,7.74,9.31,12.62,3.86,0,0
218,Anand Nagar,23.267992,77.434651,2224,3,20,3,unfurnished,1,5118531.21,3887763.27,budget,False,False,2.39,10.18,2.43,2.88,4.86,6.23,3.67,8.0,3.86,0,0
219,Shahpura,23.206333,77.42133,2830,2,3,2,unfurnished,1,19007369.45,18871659.19,residential,True,True,6.96,12.43,6.0,4.21,3.34,1.36,5.05,6.35,4.74,0,0
220,Katara Hills,23.193438,77.449516,818,3,7,3,semi-furnished,0,4312984.46,4299010.93,residential,False,True,9.19,15.5,8.27,5.56,6.25,4.51,7.69,9.57,3.86,1,0
221,Nehru Nagar,23.245133,77.452214,1094,2,16,8,unfurnished,0,5106597.83,5336579.93,residential,True,True,4.92,12.65,4.37,1.74,4.92,5.21,4.85,8.9,3.86,0,0
222,Bawadia Kalan,23.210114,77.453769,3263,3,15,14,fully-furnished,0,35676702.03,35729958.74,premium_residential,True,False,7.79,14.67,6.94,3.99,5.51,4.26,6.62,9.3,3.86,0,1
223,Piplani,23.20461,77.491832,1138,4,8,0,unfurnished,0,5343725.61,3850681.46,budget,False,False,10.86,18.28,10.16,7.09,9.33,8.2,10.18,13.23,3.86,0,0
224,Govindpura,23.261434,77.483762,1531,3,16,6,semi-furnished,0,8584902.66,8741228.92,residential,True,True,7.46,15.25,7.28,5.38,8.56,8.88,8.17,12.43,3.86,1,0
225,Piplani,23.2003,77.495785,839,1,3,4,semi-furnished,1,4085853.19,4298493.89,budget,True,False,11.48,18.87,10.77,7.7,9.88,8.68,10.77,13.74,3.86,1,0
226,Shamla Hills,23.235829,77.42093,1049,3,15,14,unfurnished,0,10148920.36,9908874.71,premium_residential,False,False,3.75,10.29,2.8,1.65,1.56,2.4,2.22,5.6,3.86,0,0
227,Danish Kunj,23.22105,77.448139,2725,3,16,12,fully-furnished,0,27922231.17,28161686.57,commercial,True,False,6.47,13.51,5.63,2.65,4.51,3.69,5.42,8.48,3.86,0,1
228,Katara Hills,23.187719,77.445245,1882,2,12,8,semi-furnished,1,18639496.89,13609290.59,residential,True,False,9.6,15.62,8.66,6.09,6.43,4.55,7.98,9.5,3.86,1,0
229,Govindpura,23.266677,77.477916,2192,2,5,5,unfurnished,0,11992217.47,11809513.58,residential,True,False,6.82,14.56,6.73,5.12,8.25,8.76,7.7,12.02,3.86,0,0
230,Danish Kunj,23.213093,77.454439,1774,4,5,18,unfurnished,1,19601463.51,20075230.21,commercial,False,False,7.56,14.54,6.72,3.74,5.43,4.29,6.46,9.28,3.86,0,0
231,Ayodhya Bypass,23.279869,77.475587,2637,3,5,3,semi-furnished,0,9828524.84,9530493.34,developing,True,True,6.7,14.16,6.81,5.86,8.81,9.6,7.97,12.33,0.0,1,0
232,DB City Road,23.221698,77.448878,1098,4,9,15,semi-furnished,1,12631828.86,12155677.75,commercial,True,False,6.45,13.54,5.63,2.63,4.56,3.77,5.44,8.54,3.86,1,0
233,Ayodhya Bypass,23.277775,77.470424,2846,1,20,6,semi-furnished,0,11515675.09,11110761.98,developing,True,True,6.14,13.65,6.24,5.33,8.25,9.08,7.4,11.76,0.0,1,0
234,Shahpura,23.196512,77.420287,2364,4,10,4,semi-furnished,0,21388373.1,21666822.22,residential,True,True,8.03,13.17,7.06,5.28,4.3,2.26,6.06,6.84,4.74,1,0
235,MP Nagar,23.235861,77.433686,2484,5,3,23,semi-furnished,0,25082467.46,26100210.5,commercial,False,False,4.28,11.39,3.43,0.71,2.85,3.11,3.3,6.9,7.37,1,0
236,Katara Hills,23.185647,77.451207,2248,3,8,5,fully-furnished,0,16331782.08,17115066.31,residential,True,False,10.04,16.21,9.12,6.44,6.99,5.16,8.5,10.15,3.86,0,1
237,Jahangirabad,23.245695,77.391583,1935,1,10,5,fully-furnished,0,8972622.56,9367404.49,budget,True,False,3.23,7.22,2.66,4.52,2.04,3.97,1.43,2.95,3.86,0,1
238,Katara Hills,23.194157,77.448298,1852,3,16,8,semi-furnished,0,11981132.3,11535744.77,residential,True,False,9.06,15.35,8.15,5.46,6.1,4.36,7.55,9.43,3.86,1,0
239,Kolar Road,23.172109,77.419701,2334,2,18,4,fully-furnished,0,9316789.44,9030544.73,budget,True,False,10.71,15.31,9.75,7.91,6.89,4.87,8.69,8.67,1.23,0,1
240,Shahpura,23.207459,77.420602,2346,4,6,3,unfurnished,1,15977569.08,16561742.2,residential,True,True,6.83,12.29,5.87,4.12,3.2,1.22,4.91,6.23,4.74,0,0
241,Bawadia Kalan,23.218606,77.44452,1383,3,7,6,unfurnished,0,9766444.6,9323242.56,premium_residential,True,False,6.49,13.36,5.62,2.75,4.25,3.28,5.29,8.16,3.86,0,0
242,Raisen Road,23.178538,77.439153,3230,5,1,16,semi-furnished,1,32062595.68,32704840.45,premium_residential,False,False,10.36,15.94,9.41,7.04,6.92,4.92,8.59,9.58,3.86,1,0
243,Bawadia Kalan,23.198963,77.444685,2166,1,9,11,semi-furnished,0,30102622.51,29050408.09,premium_residential,False,True,8.42,14.72,7.51,4.86,5.47,3.77,6.91,8.86,3.86,1,0
244,Misrod,23.158699,77.504827,3240,4,20,3,semi-furnished,0,17523496.91,16914907.55,residential,True,False,15.48,22.3,14.65,11.63,13.04,11.35,14.33,16.39,3.86,1,0
245,Jahangirabad,23.259692,77.399256,2843,3,12,4,unfurnished,0,9785670.57,9999962.19,budget,True,True,1.57,7.04,1.37,4.2,3.04,5.07,1.28,4.49,3.86,0,0
246,DB City Road,23.239199,77.440325,3032,4,2,9,fully-furnished,1,32250006.88,30747905.15,commercial,False,False,4.4,11.81,3.65,0.57,3.58,3.86,3.79,7.61,3.86,0,1
247,Hoshangabad Road,23.210653,77.467701,2419,2,3,19,fully-furnished,1,24353316.48,25384494.23,commercial,True,False,8.62,15.82,7.85,4.78,6.78,5.67,7.72,10.67,5.96,0,1
248,Bittan Market,23.251463,77.431569,2320,4,15,14,fully-furnished,0,19705062.05,19303317.85,commercial,True,False,2.8,10.43,2.15,1.13,3.32,4.42,2.73,6.99,3.86,0,1
249,Jahangirabad,23.245714,77.391809,2447,2,7,3,semi-furnished,1,8540770.56,8189927.57,budget,True,False,3.22,7.24,2.64,4.5,2.02,3.96,1.41,2.97,3.86,1,0
250,Misrod,23.161014,77.502799,1921,2,14,8,unfurnished,0,10470125.8,10355418.07,residential,True,False,15.15,21.97,14.32,11.3,12.72,11.04,14.0,16.08,3.86,0,0
251,Shahpura,23.196542,77.433915,3120,2,20,2,unfurnished,1,17174641.8,17643200.02,residential,True,False,8.3,14.11,7.35,5.04,4.95,3.04,6.56,8.01,4.74,0,0
252,Katara Hills,23.18815,77.447844,2273,3,18,4,unfurnished,0,14310263.72,14169100.41,residential,True,False,9.65,15.77,8.73,6.09,6.56,4.72,8.08,9.71,3.86,0,0
253,Anand Nagar,23.278181,77.437849,2905,3,16,10,unfurnished,0,7582788.58,7703434.61,budget,False,False,2.92,10.33,3.28,4.01,5.97,7.4,4.63,8.87,3.86,0,0
254,Bittan Market,23.25752,77.433097,1271,2,3,7,fully-furnished,1,11416093.12,11474868.77,commercial,True,True,2.54,10.34,2.11,1.74,3.88,5.09,3.01,7.36,3.86,0,1
255,Shamla Hills,23.238288,77.405701,3477,3,19,22,fully-furnished,0,45798735.25,46250107.35,premium_residential,False,False,3.39,8.86,2.5,3.09,0.59,2.61,1.23,4.08,3.86,0,1
256,Jahangirabad,23.247733,77.395012,1469,4,20,0,semi-furnished,0,4481684.73,4484905.08,budget,True,False,2.84,7.36,2.25,4.2,1.98,3.99,1.04,3.37,3.86,1,0
257,Indrapuri,23.250322,77.464077,1783,2,4,1,unfurnished,1,12752375.48,12675587.01,residential,True,True,5.76,13.6,5.37,3.06,6.25,6.52,6.05,10.19,2.46,0,0
258,Anand Nagar,23.263616,77.448831,1372,4,12,0,semi-furnished,0,6111043.26,5942571.31,budget,True,True,3.88,11.7,3.73,2.75,5.54,6.48,4.75,9.11,3.86,1,0
259,Bittan Market,23.252627,77.432166,2261,3,8,7,unfurnished,1,18515622.83,17651692.91,commercial,True,False,2.77,10.44,2.16,1.23,3.45,4.56,2.8,7.09,3.86,0,0
260,Arera Colony,23.226357,77.434153,2249,4,16,19,semi-furnished,1,24325849.16,25192376.7,premium_residential,True,False,5.22,11.99,4.32,1.74,2.97,2.51,3.93,6.98,10.0,1,0
261,DB City Road,23.229134,77.438543,962,2,14,19,fully-furnished,1,9323510.91,9229661.71,commercial,True,False,5.17,12.2,4.32,1.46,3.36,3.05,4.1,7.41,3.86,0,1
262,Misrod,23.167312,77.510455,1509,3,17,5,unfurnished,0,5915692.28,5849709.99,residential,False,False,15.12,22.16,14.33,11.28,12.93,11.36,14.11,16.45,3.86,0,0
263,Katara Hills,23.183181,77.455067,3266,2,3,0,unfurnished,1,25462499.49,25366656.82,residential,True,False,10.46,16.69,9.54,6.81,7.46,5.64,8.95,10.62,3.86,0,0
264,MP Nagar,23.224602,77.432205,1607,2,15,5,fully-furnished,0,13259529.58,13256311.89,commercial,True,False,5.31,11.94,4.39,1.96,2.84,2.24,3.91,6.81,7.37,0,1
265,Katara Hills,23.187547,77.447461,1761,4,11,4,semi-furnished,0,14716437.31,14383465.18,residential,False,False,9.7,15.79,8.77,6.15,6.58,4.73,8.11,9.71,3.86,1,0
266,Katara Hills,23.200172,77.454361,3197,3,13,3,semi-furnished,0,20008545.25,20470388.73,residential,True,False,8.76,15.39,7.88,5.01,6.14,4.6,7.43,9.72,3.86,1,0
267,Shahpura,23.200161,77.425404,1246,2,10,2,unfurnished,0,7135584.12,7407894.92,residential,False,False,7.7,13.22,6.74,4.75,4.14,2.15,5.84,7.05,4.74,0,0
268,Kolar Road,23.176987,77.412788,2338,5,11,0,fully-furnished,1,12294410.99,12645089.57,budget,True,False,10.14,14.47,9.18,7.57,6.24,4.28,8.06,7.81,1.23,0,1
269,Misrod,23.167738,77.520639,3128,2,12,6,semi-furnished,0,23756564.03,18052614.88,residential,True,False,15.8,22.97,15.05,11.98,13.78,12.27,14.9,17.37,3.86,1,0
270,Kolar Road,23.16786,77.408376,2346,4,12,1,unfurnished,1,10291643.6,10594979.84,budget,True,True,11.15,15.11,10.2,8.67,7.22,5.3,9.04,8.39,1.23,0,0
271,Kolar Road,23.176079,77.411558,1812,3,15,2,unfurnished,0,7133059.07,7297068.58,budget,True,False,10.24,14.49,9.28,7.7,6.33,4.38,8.15,7.81,1.23,0,0
272,Misrod,23.16323,77.520385,2702,3,7,1,unfurnished,1,11539404.72,12035770.36,residential,True,False,16.14,23.24,15.37,12.31,14.03,12.47,15.18,17.56,3.86,0,0
273,Kolar Road,23.168465,77.404711,875,2,15,7,semi-furnished,0,4864980.69,5007055.63,budget,True,False,11.1,14.87,10.16,8.74,7.15,5.28,8.96,8.15,1.23,1,0
274,Ayodhya Bypass,23.278209,77.474303,1084,2,5,0,unfurnished,0,3132605.95,3184341.16,developing,True,False,6.54,14.04,6.63,5.64,8.6,9.38,7.78,12.14,0.0,0,0
275,Shamla Hills,23.238369,77.41843,3068,2,19,7,semi-furnished,1,40991448.04,39703658.11,premium_residential,False,True,3.42,9.92,2.46,1.8,1.4,2.59,1.84,5.37,3.86,1,0
276,Jahangirabad,23.253003,77.39284,2659,2,1,3,unfurnished,1,12774002.7,12448261.72,budget,True,False,2.55,6.84,2.16,4.54,2.59,4.61,1.31,3.51,3.86,0,0
277,Ayodhya Bypass,23.279422,77.464889,2004,4,19,4,unfurnished,0,5996653.6,6227588.5,developing,True,False,5.61,13.07,5.77,5.11,7.92,8.87,6.97,11.33,0.0,0,0
278,Ayodhya Bypass,23.27769,77.459424,1105,2,16,1,unfurnished,0,2391413.05,2307075.06,developing,False,False,5.03,12.53,5.18,4.64,7.37,8.38,6.39,10.74,0.0,0,0
279,Govindpura,23.25902,77.474657,1617,3,12,8,fully-furnished,0,13347845.29,9913680.31,residential,True,True,6.57,14.39,6.35,4.42,7.59,7.97,7.21,11.46,3.86,0,1
280,Shahpura,23.193367,77.431407,2184,3,14,4,fully-furnished,1,15758871.74,16012967.68,residential,True,True,8.57,14.19,7.62,5.4,5.1,3.13,6.77,7.97,4.74,0,1
281,Shamla Hills,23.235057,77.418055,3352,2,19,17,fully-furnished,0,50668530.03,49164208.97,premium_residential,True,False,3.77,10.09,2.81,1.95,1.25,2.23,2.08,5.3,3.86,0,1
282,MP Nagar,23.234738,77.435578,1079,2,13,10,fully-furnished,0,11213163.79,10977457.11,commercial,True,False,4.49,11.62,3.65,0.8,3.03,3.17,3.53,7.09,7.37,0,1
283,Raisen Road,23.190137,77.447995,2179,3,0,15,semi-furnished,1,21470878.56,22500336.67,premium_residential,False,False,9.46,15.63,8.53,5.88,6.4,4.59,7.9,9.61,3.86,1,0
284,Govindpura,23.264271,77.482201,3164,2,14,8,semi-furnished,1,20033390.94,19585013.21,residential,True,False,7.27,15.04,7.14,5.37,8.53,8.93,8.07,12.36,3.86,1,0
285,Indrapuri,23.240764,77.455401,2178,2,18,6,fully-furnished,0,11785688.99,11923956.04,residential,True,True,5.46,13.14,4.87,2.03,5.13,5.19,5.25,9.16,2.46,0,1
286,Shamla Hills,23.239306,77.407499,2678,1,6,14,fully-furnished,0,39958856.11,38748080.05,premium_residential,False,False,3.26,8.94,2.34,2.89,0.72,2.68,1.15,4.28,3.86,0,1
287,Ayodhya Bypass,23.268215,77.467154,1651,3,15,0,semi-furnished,0,6297366.73,6297392.55,developing,True,False,5.71,13.45,5.66,4.34,7.37,8.07,6.69,11.04,0.0,1,0
288,DB City Road,23.22165,77.444507,2732,1,19,7,semi-furnished,0,23314850.92,23833802.24,commercial,True,False,6.2,13.16,5.35,2.43,4.14,3.33,5.08,8.1,3.86,1,0
289,Katara Hills,23.187857,77.45663,3287,1,6,0,unfurnished,1,17870084.45,18052109.66,residential,False,False,10.06,16.45,9.16,6.37,7.2,5.45,8.62,10.51,3.86,0,0
290,Anand Nagar,23.269555,77.444573,2400,5,7,2,semi-furnished,0,10731659.29,10519441.89,budget,True,False,3.41,11.14,3.44,3.19,5.65,6.81,4.62,8.98,3.86,1,0
291,Indrapuri,23.245146,77.474232,2244,1,15,5,unfurnished,0,12858969.69,12972767.16,residential,True,False,6.94,14.77,6.52,3.97,7.11,7.11,7.1,11.13,2.46,0,0
292,Hoshangabad Road,23.210618,77.459709,1546,5,18,3,semi-furnished,1,11599170.23,11109200.86,commercial,True,True,8.1,15.14,7.28,4.26,6.03,4.85,7.06,9.87,5.96,1,0
293,Nehru Nagar,23.233503,77.459965,1746,1,14,2,semi-furnished,0,8195743.82,8466224.25,residential,True,False,6.31,13.89,5.66,2.67,5.52,5.24,5.89,9.59,3.86,1,0
294,Danish Kunj,23.218305,77.443424,2810,2,0,1,fully-furnished,1,24968757.28,26167314.29,commercial,True,False,6.46,13.28,5.58,2.74,4.16,3.17,5.23,8.06,3.86,0,1
295,Jahangirabad,23.253106,77.392786,2106,3,17,3,fully-furnished,0,7901291.91,7925134.39,budget,True,False,2.55,6.83,2.16,4.55,2.61,4.62,1.32,3.51,3.86,0,1
296,Hoshangabad Road,23.222169,77.458904,1889,3,3,23,unfurnished,1,23518756.08,24303382.22,commercial,False,True,7.08,14.39,6.32,3.24,5.55,4.8,6.29,9.55,5.96,0,0
297,DB City Road,23.231867,77.444934,818,3,4,5,fully-furnished,1,11811884.01,8930339.66,commercial,True,False,5.32,12.61,4.54,1.47,3.99,3.77,4.52,8.05,3.86,0,1
298,Katara Hills,23.184944,77.449997,2515,1,11,8,semi-furnished,0,15259914.48,15981708.01,residential,True,False,10.07,16.18,9.14,6.49,6.97,5.12,8.5,10.08,3.86,1,0
299,Katara Hills,23.198827,77.45296,1680,3,1,6,semi-furnished,1,12283207.93,12636411.24,residential,False,False,8.82,15.37,7.93,5.1,6.12,4.53,7.45,9.64,3.86,1,0
300,Bairagarh,23.2615,77.3421,1139,3,18,4,semi-furnished,0,4799222.54,4588258.53,budget,True,True,7.12,2.92,7.22,9.81,7.26,8.83,6.57,4.02,0.7,1,0
301,Danish Kunj,23.20976,77.442081,2613,3,4,15,semi-furnished,1,30176736.33,31219224.75,commercial,True,True,7.23,13.74,6.32,3.63,4.5,3.09,5.8,8.17,3.86,1,0
302,Katara Hills,23.196115,77.455776,2353,4,10,0,semi-furnished,0,16827079.55,16844523.61,residential,True,True,9.22,15.79,8.33,5.49,6.53,4.92,7.86,10.02,3.86,1,0
303,Bittan Market,23.247144,77.433171,2831,5,7,4,semi-furnished,1,24293975.87,24082777.09,commercial,True,False,3.26,10.77,2.54,0.62,3.19,4.08,2.89,7.02,3.86,1,0
304,Nehru Nagar,23.240702,77.460749,1294,3,14,10,unfurnished,0,6579220.13,6765503.26,residential,True,False,5.92,13.64,5.37,2.58,5.67,5.66,5.79,9.7,3.86,0,0
305,Hoshangabad Road,23.218214,77.472094,2673,4,0,21,unfurnished,1,26285114.31,26543275.57,commercial,False,False,8.35,15.78,7.64,4.57,6.96,6.1,7.69,10.95,5.96,0,0
306,Kolar Road,23.177256,77.419078,1484,2,11,2,unfurnished,0,4485866.27,4576093.15,budget,False,False,10.14,14.8,9.18,7.37,6.32,4.3,8.12,8.2,1.23,0,0
307,Katara Hills,23.196315,77.45298,2412,3,14,3,semi-furnished,0,16673138.6,17081099.43,residential,True,False,9.06,15.55,8.17,5.36,6.3,4.65,7.66,9.75,3.86,1,0
308,Hoshangabad Road,23.220495,77.465548,3380,3,15,9,fully-furnished,1,26423256.01,27288996.24,commercial,True,False,7.69,15.07,6.96,3.88,6.25,5.45,6.97,10.25,5.96,0,1
309,Jahangirabad,23.247152,77.393026,1898,3,7,0,unfurnished,0,5475033.5,5398330.51,budget,True,False,3.01,7.24,2.45,4.39,2.05,4.03,1.25,3.16,3.86,0,0
310,Nehru Nagar,23.24109,77.444734,1144,2,18,1,unfurnished,0,4164536.98,4301686.86,residential,False,False,4.57,12.13,3.89,0.94,4.06,4.33,4.17,8.08,3.86,0,0
311,Bittan Market,23.2567,77.4234,2712,4,4,17,fully-furnished,0,25218654.77,26409122.79,commercial,True,False,1.8,9.44,1.16,2.05,3.17,4.68,2.05,6.41,3.86,0,1
312,Indrapuri,23.239542,77.458153,3114,2,9,5,unfurnished,0,16148181.15,16456580.72,residential,False,False,5.77,13.45,5.18,2.32,5.39,5.36,5.55,9.43,2.46,0,0
313,Danish Kunj,23.227331,77.454112,1974,2,18,5,semi-furnished,1,19099072.11,19356589.46,commercial,False,True,6.32,13.68,5.57,2.5,4.96,4.44,5.59,9.01,3.86,1,0
314,Bawadia Kalan,23.207449,77.454104,2015,3,18,20,fully-furnished,0,17608525.66,17153622.18,premium_residential,True,False,8.06,14.87,7.2,4.27,5.68,4.34,6.84,9.42,3.86,0,1
315,Indrapuri,23.242056,77.474526,3314,4,15,1,unfurnished,0,17412724.63,16812142.87,residential,True,True,7.1,14.91,6.64,3.98,7.08,6.98,7.16,11.12,2.46,0,0
316,Shamla Hills,23.239974,77.423836,1713,4,16,7,semi-furnished,1,21630945.88,22757104.81,premium_residential,True,True,3.41,10.29,2.49,1.22,1.98,2.93,2.19,5.94,3.86,1,0
317,Piplani,23.217948,77.487776,2007,2,7,6,semi-furnished,0,7438381.16,7346563.99,budget,False,True,9.62,17.21,8.99,5.97,8.53,7.7,9.16,12.54,3.86,1,0
318,Bawadia Kalan,23.202277,77.442273,3130,5,15,5,fully-furnished,0,33698031.37,32971394.59,premium_residential,False,True,7.99,14.29,7.07,4.45,5.04,3.38,6.46,8.48,3.86,0,1
319,Hoshangabad Road,23.211757,77.466844,2212,5,2,20,fully-furnished,1,26703188.76,27779388.76,commercial,False,True,8.47,15.68,7.7,4.63,6.66,5.57,7.58,10.55,5.96,0,1
320,Jahangirabad,23.248426,77.397722,2405,2,17,1,fully-furnished,0,8635522.3,8728814.3,budget,True,True,2.62,7.54,1.98,3.94,1.91,3.94,0.75,3.65,3.86,0,1
321,Anand Nagar,23.274285,77.451816,2269,2,13,2,fully-furnished,0,7818597.07,8019096.21,budget,True,False,4.19,11.8,4.32,3.94,6.55,7.64,5.53,9.88,3.86,0,1
322,Bairagarh,23.270116,77.345316,1661,3,6,0,unfurnished,0,6042896.78,5831743.27,budget,False,True,6.75,2.09,6.98,9.75,7.45,9.16,6.52,4.65,0.7,0,0
323,Shamla Hills,23.234505,77.4239,2262,4,13,7,fully-furnished,1,28386696.04,27800111.03,premium_residential,False,False,3.98,10.62,3.04,1.46,1.84,2.39,2.54,5.9,3.86,0,1
324,Shahpura,23.190912,77.419612,3165,2,17,2,fully-furnished,0,20527321.53,20173108.43,residential,True,True,8.63,13.61,7.67,5.89,4.86,2.83,6.65,7.17,4.74,0,1
325,Shahpura,23.206249,77.434364,1298,1,1,3,fully-furnished,0,10621540.03,10254896.11,residential,True,False,7.29,13.4,6.35,3.96,4.15,2.46,5.65,7.57,4.74,0,1
326,Katara Hills,23.187642,77.451893,3368,1,11,0,fully-furnished,1,18778801.07,17967742.8,residential,False,True,9.87,16.11,8.96,6.25,6.88,5.08,8.36,10.09,3.86,0,1
327,Bairagarh,23.270568,77.333305,921,2,13,8,semi-furnished,0,3813603.54,3956429.78,budget,True,False,7.98,1.92,8.2,10.94,8.52,10.14,7.7,5.37,0.7,1,0
328,Bittan Market,23.256774,77.430968,1804,2,13,17,unfurnished,0,12559364.16,12367999.85,commercial,True,False,2.4,10.16,1.91,1.7,3.67,4.93,2.78,7.13,3.86,0,0
329,Hoshangabad Road,23.218511,77.460415,3348,3,18,1,semi-furnished,0,27325068.2,20733645.46,commercial,True,False,7.48,14.73,6.7,3.64,5.8,4.9,6.62,9.76,5.96,1,0
330,MP Nagar,23.226024,77.43957,1647,5,15,16,unfurnished,1,19426194.55,18647391.33,commercial,False,True,5.52,12.48,4.66,1.82,3.52,2.99,4.38,7.54,7.37,0,0
331,Bawadia Kalan,23.215419,77.455131,2726,4,13,16,fully-furnished,0,25660323.33,24513712.04,premium_residential,True,False,7.39,14.45,6.57,3.56,5.39,4.35,6.36,9.3,3.86,0,1
332,Misrod,23.163798,77.515156,855,3,14,1,semi-furnished,0,3988786.78,3981900.69,residential,False,False,15.73,22.77,14.95,11.89,13.55,11.96,14.73,17.05,3.86,1,0
333,Nehru Nagar,23.238059,77.455977,3294,3,10,1,semi-furnished,1,23548406.0,16928114.51,residential,True,False,5.68,13.31,5.06,2.13,5.15,5.09,5.37,9.2,3.86,1,0
334,Shamla Hills,23.23673,77.417008,1917,2,10,8,unfurnished,0,17735296.03,18094539.48,premium_residential,True,False,3.57,9.9,2.61,1.99,1.2,2.38,1.87,5.21,3.86,0,0
335,Nehru Nagar,23.237757,77.449742,956,2,17,4,unfurnished,0,3088858.5,3221887.23,residential,True,False,5.2,12.75,4.52,1.52,4.51,4.52,4.76,8.56,3.86,0,0
336,Indrapuri,23.257631,77.464297,2516,2,0,6,fully-furnished,1,17488874.94,16899959.06,residential,False,False,5.55,13.4,5.3,3.41,6.56,7.05,6.14,10.4,2.46,0,1
337,Bawadia Kalan,23.218615,77.457026,2598,2,3,11,unfurnished,1,25665932.04,26038325.85,premium_residential,False,False,7.24,14.42,6.45,3.39,5.46,4.56,6.32,9.42,3.86,0,0
338,Kolar Road,23.174206,77.416934,2157,3,13,3,unfurnished,0,11165676.96,10677568.13,budget,True,False,10.46,14.96,9.5,7.75,6.61,4.61,8.42,8.31,1.23,0,0
339,Indrapuri,23.254512,77.461393,1529,3,12,4,semi-furnished,0,6271885.81,6507207.11,residential,True,False,5.35,13.2,5.03,2.98,6.15,6.6,5.8,10.02,2.46,1,0
340,Shamla Hills,23.237563,77.420162,1698,3,7,15,semi-furnished,0,23370583.15,16816517.95,premium_residential,False,False,3.54,10.11,2.59,1.65,1.53,2.55,2.03,5.54,3.86,1,0
341,Jahangirabad,23.254246,77.399073,1894,3,18,0,semi-furnished,0,5582886.99,5469877.07,budget,True,False,2.01,7.31,1.52,3.98,2.46,4.5,0.81,4.1,3.86,1,0
342,MP Nagar,23.225582,77.427111,2789,2,20,17,fully-furnished,0,19404019.12,19870821.91,commercial,False,False,5.02,11.46,4.08,2.02,2.31,1.85,3.48,6.28,7.37,0,1
343,Shahpura,23.207303,77.429452,1345,1,16,3,semi-furnished,0,8149450.4,7783754.91,residential,True,True,7.03,12.95,6.07,3.89,3.72,1.95,5.29,7.06,4.74,1,0
344,MP Nagar,23.225682,77.426728,1129,3,7,1,semi-furnished,1,7305083.29,7580741.55,commercial,True,False,5.0,11.42,4.06,2.02,2.27,1.83,3.44,6.24,7.37,1,0
345,Raisen Road,23.179551,77.448403,1831,4,9,12,semi-furnished,1,22029706.35,22024482.54,premium_residential,True,False,10.56,16.49,9.62,7.04,7.34,5.42,8.92,10.27,3.86,1,0
346,Arera Colony,23.235794,77.439328,2379,2,9,14,fully-furnished,1,40801804.78,29201587.07,premium_residential,False,True,4.62,11.9,3.82,0.79,3.42,3.53,3.82,7.48,10.0,0,1
347,DB City Road,23.232084,77.433632,2807,3,17,20,semi-furnished,1,45468959.25,33490169.06,commercial,True,True,4.64,11.6,3.76,1.12,2.83,2.82,3.5,6.89,3.86,1,0
348,Katara Hills,23.198139,77.449246,1031,4,6,1,semi-furnished,1,7025758.15,6971649.03,residential,True,False,8.71,15.13,7.8,5.05,5.87,4.22,7.26,9.32,3.86,1,0
349,Jahangirabad,23.248949,77.397511,2365,2,9,7,semi-furnished,0,9911047.01,9730856.35,budget,True,False,2.58,7.49,1.96,3.97,1.97,4.0,0.77,3.66,3.86,1,0
350,Piplani,23.202929,77.486504,2543,2,1,8,semi-furnished,1,10826184.9,10998559.28,budget,True,False,10.58,17.9,9.85,6.77,8.89,7.69,9.8,12.74,3.86,1,0
351,Bittan Market,23.260362,77.432051,2027,2,7,5,semi-furnished,1,13894782.64,13431437.2,commercial,False,False,2.31,10.14,1.99,2.07,4.04,5.34,3.02,7.38,3.86,1,0
352,Danish Kunj,23.223008,77.454728,1054,3,3,7,fully-furnished,1,11240799.61,11276255.55,commercial,False,False,6.72,13.97,5.94,2.87,5.11,4.39,5.87,9.12,3.86,0,1
353,Nehru Nagar,23.240057,77.459245,3308,2,15,7,fully-furnished,0,14275473.87,14104546.07,residential,True,False,5.83,13.53,5.25,2.43,5.51,5.49,5.65,9.55,3.86,0,1
354,Bawadia Kalan,23.201574,77.459908,2668,3,12,23,semi-furnished,1,32919644.97,32068807.24,premium_residential,True,True,8.93,15.74,8.07,5.12,6.52,5.09,7.72,10.19,3.86,1,0
355,Piplani,23.202996,77.49716,3246,1,18,9,fully-furnished,1,12610887.95,12450435.58,budget,True,True,11.39,18.84,10.71,7.64,9.9,8.77,10.74,13.8,3.86,0,1
356,Hoshangabad Road,23.222991,77.460913,2333,2,1,15,semi-furnished,1,18474589.72,19328002.22,commercial,False,True,7.15,14.52,6.42,3.34,5.73,5.01,6.43,9.75,5.96,1,0
357,MP Nagar,23.228985,77.431687,3215,5,2,0,semi-furnished,1,28497449.24,29208940.99,commercial,True,False,4.85,11.62,3.94,1.5,2.67,2.45,3.55,6.71,7.37,1,0
358,Bairagarh,23.271081,77.340515,1488,3,15,2,fully-furnished,0,6331888.28,6173279.65,budget,True,False,7.25,1.85,7.48,10.25,7.92,9.6,7.02,4.98,0.7,0,1
359,Bairagarh,23.2615,77.3421,818,3,6,2,semi-furnished,1,3836889.22,2852655.62,budget,True,True,7.12,2.92,7.22,9.81,7.26,8.83,6.57,4.02,0.7,1,0
360,Shahpura,23.202893,77.438574,3239,2,16,0,unfurnished,0,16138258.06,16190520.06,residential,True,True,7.78,13.96,6.85,4.34,4.72,3.01,6.19,8.11,4.74,0,0
361,Bittan Market,23.261938,77.431266,3068,4,3,21,fully-furnished,1,39227694.05,39192581.26,commercial,True,True,2.17,10.01,1.92,2.25,4.12,5.48,3.03,7.39,3.86,0,1
362,Anand Nagar,23.274346,77.450109,3479,3,14,2,fully-furnished,1,15241858.19,15905811.02,budget,True,True,4.02,11.62,4.16,3.88,6.43,7.55,5.38,9.73,3.86,0,1
363,Bawadia Kalan,23.2135,77.448355,2902,1,11,24,fully-furnished,1,55260437.99,40012818.85,premium_residential,True,True,7.18,14.0,6.31,3.42,4.84,3.67,5.96,8.67,3.86,0,1
364,Piplani,23.212494,77.492604,2889,4,8,2,semi-furnished,0,12763558.97,13040658.36,budget,True,True,10.38,17.92,9.73,6.69,9.15,8.2,9.85,13.12,3.86,1,0
365,Danish Kunj,23.218466,77.449313,1228,1,4,2,semi-furnished,1,9498295.64,9859829.14,commercial,True,False,6.77,13.77,5.93,2.96,4.72,3.77,5.68,8.65,3.86,1,0
366,Katara Hills,23.185709,77.44889,2111,3,14,3,fully-furnished,0,13560037.78,13997451.91,residential,True,True,9.94,16.04,9.02,6.38,6.83,4.98,8.36,9.94,3.86,0,1
367,Nehru Nagar,23.24129,77.447517,2650,2,6,9,semi-furnished,0,16317277.09,16182788.8,residential,True,False,4.78,12.38,4.12,1.22,4.35,4.57,4.44,8.36,3.86,1,0
368,Shamla Hills,23.239453,77.412561,1827,4,11,8,unfurnished,1,19416488.0,18811232.06,premium_residential,True,True,3.22,9.35,2.26,2.37,0.98,2.64,1.35,4.79,3.86,0,0
369,Arera Colony,23.236246,77.423558,3465,2,17,14,fully-furnished,0,44372099.53,46694162.16,premium_residential,True,False,3.79,10.49,2.85,1.39,1.83,2.55,2.39,5.87,10.0,0,1
370,Piplani,23.211046,77.482972,918,1,17,1,semi-furnished,1,3052537.82,3064695.76,budget,True,False,9.71,17.13,9.01,5.94,8.25,7.22,9.04,12.18,3.86,1,0
371,Bawadia Kalan,23.217657,77.454743,2402,1,15,21,unfurnished,0,28419742.25,29892259.14,premium_residential,True,True,7.17,14.28,6.36,3.33,5.27,4.32,6.19,9.21,3.86,0,0
372,Nehru Nagar,23.238534,77.450118,951,5,2,5,semi-furnished,1,6473017.61,6748710.87,residential,True,True,5.18,12.74,4.51,1.53,4.56,4.6,4.77,8.6,3.86,1,0
373,Indrapuri,23.255297,77.462594,2608,2,16,0,semi-furnished,0,12983819.95,12591436.77,residential,True,False,5.45,13.3,5.14,3.13,6.3,6.75,5.93,10.16,2.46,1,0
374,Bawadia Kalan,23.215222,77.460878,2404,3,6,15,fully-furnished,1,32522660.81,32747932.25,premium_residential,True,True,7.78,14.96,6.99,3.94,5.95,4.94,6.86,9.88,3.86,0,1
375,Nehru Nagar,23.231242,77.447514,1322,3,20,3,unfurnished,0,3956364.28,3954729.85,residential,True,False,5.55,12.88,4.78,1.7,4.25,3.97,4.79,8.31,3.86,0,0
376,Shamla Hills,23.239662,77.41488,2374,4,10,16,semi-furnished,0,31823236.74,32019680.63,premium_residential,True,True,3.21,9.54,2.25,2.14,1.17,2.67,1.48,5.03,3.86,1,0
377,Bairagarh,23.2615,77.3421,2650,4,20,4,unfurnished,0,8739642.13,9072103.67,budget,True,False,7.12,2.92,7.22,9.81,7.26,8.83,6.57,4.02,0.7,0,0
378,MP Nagar,23.24206,77.436508,2734,3,15,8,fully-furnished,1,19920603.82,20403030.46,commercial,True,False,3.9,11.32,3.14,0.09,3.28,3.82,3.33,7.26,7.37,0,1
379,Anand Nagar,23.276484,77.452264,2026,3,20,0,unfurnished,0,5463822.4,5600994.43,budget,True,True,4.28,11.81,4.45,4.18,6.75,7.87,5.69,10.03,3.86,0,0
380,Arera Colony,23.239536,77.431383,2786,2,1,12,unfurnished,1,41132829.49,39442499.36,premium_residential,False,False,3.81,10.99,2.96,0.51,2.7,3.27,2.91,6.7,10.0,0,0
381,Shahpura,23.194203,77.426859,2932,1,5,4,fully-furnished,0,22762679.82,17059575.48,residential,False,False,8.38,13.8,7.42,5.37,4.8,2.78,6.51,7.54,4.74,0,1
382,Misrod,23.17091,77.503096,2244,2,14,3,unfurnished,0,10676969.91,10956744.85,residential,False,False,14.32,21.31,13.53,10.47,12.09,10.5,13.28,15.6,3.86,0,0
383,DB City Road,23.236577,77.446442,2432,3,5,20,fully-furnished,1,24618548.56,24504659.82,commercial,True,False,5.04,12.5,4.32,1.26,4.16,4.17,4.47,8.21,3.86,0,1
384,Misrod,23.171476,77.517362,1301,2,19,9,semi-furnished,1,7105850.05,7394616.5,residential,True,False,15.27,22.46,14.52,11.45,13.28,11.79,14.38,16.89,3.86,1,0
385,Indrapuri,23.258366,77.466227,3358,5,12,4,semi-furnished,0,16184239.58,16812855.18,residential,True,False,5.73,13.57,5.49,3.62,6.77,7.25,6.34,10.61,2.46,1,0
386,Indrapuri,23.244516,77.470585,1952,1,9,6,semi-furnished,0,12124045.79,11882501.59,residential,True,True,6.62,14.44,6.17,3.59,6.73,6.74,6.73,10.75,2.46,1,0
387,Shamla Hills,23.235624,77.42055,1335,2,0,1,fully-furnished,1,17414424.54,17205844.06,premium_residential,True,False,3.76,10.27,2.81,1.69,1.52,2.36,2.2,5.56,3.86,0,1
388,Nehru Nagar,23.249497,77.446534,3358,4,3,4,unfurnished,1,25170786.9,24937164.03,residential,False,True,4.17,11.93,3.66,1.39,4.53,5.11,4.25,8.41,3.86,0,0
389,Misrod,23.167668,77.520533,2660,3,9,8,unfurnished,0,9825979.34,10133357.27,residential,True,False,15.8,22.97,15.05,11.97,13.78,12.26,14.89,17.36,3.86,0,0
390,Kolar Road,23.177731,77.42184,3302,2,19,5,unfurnished,1,10808364.03,11266907.55,budget,True,False,10.11,14.92,9.15,7.26,6.33,4.3,8.12,8.35,1.23,0,0
391,Kolar Road,23.173059,77.419612,2463,3,10,3,unfurnished,0,7143813.17,7476758.32,budget,False,False,10.6,15.21,9.64,7.81,6.78,4.77,8.59,8.59,1.23,0,0
392,Misrod,23.163122,77.50308,2420,3,18,1,semi-furnished,0,8917502.3,8504522.08,residential,False,False,14.98,21.85,14.17,11.14,12.6,10.94,13.86,15.99,3.86,1,0
393,Danish Kunj,23.210436,77.458941,2337,2,18,12,semi-furnished,1,26018201.62,19345431.26,commercial,False,False,8.07,15.08,7.25,4.23,5.97,4.78,7.01,9.8,3.86,1,0
394,Katara Hills,23.185796,77.458695,2256,2,3,0,unfurnished,1,13938195.08,13543585.23,residential,False,True,10.36,16.76,9.47,6.66,7.51,5.76,8.93,10.8,3.86,0,0
395,Misrod,23.165306,77.514835,2264,1,6,2,semi-furnished,1,12053077.73,12411226.95,residential,True,False,15.59,22.65,14.81,11.74,13.43,11.86,14.6,16.95,3.86,1,0
396,Raisen Road,23.183874,77.445878,1875,4,11,25,semi-furnished,1,19405956.61,19363872.29,premium_residential,False,False,10.02,15.97,9.08,6.52,6.8,4.89,8.38,9.79,3.86,1,0
397,Jahangirabad,23.249866,77.392968,2745,2,2,1,fully-furnished,0,17077860.89,13016287.1,budget,True,False,2.79,7.05,2.3,4.45,2.3,4.29,1.23,3.31,3.86,0,1
398,Govindpura,23.27353,77.473774,2445,3,9,1,semi-furnished,0,16899946.7,12648202.58,residential,False,False,6.42,14.04,6.44,5.24,8.26,8.96,7.53,11.88,3.86,1,0
399,Bawadia Kalan,23.218824,77.450691,2973,4,5,21,semi-furnished,0,25874212.34,26970398.83,premium_residential,False,False,6.82,13.87,5.99,3.0,4.84,3.92,5.77,8.78,3.86,1,0
400,Indrapuri,23.251274,77.460943,2813,2,7,1,semi-furnished,0,15544053.43,16329332.33,residential,False,False,5.43,13.26,5.04,2.79,5.98,6.33,5.73,9.9,2.46,1,0
401,Piplani,23.199072,77.481599,2873,3,18,2,semi-furnished,0,8583129.97,8507893.61,budget,True,True,10.53,17.71,9.76,6.69,8.6,7.3,9.62,12.38,3.86,1,0
402,Govindpura,23.264834,77.477704,2708,4,4,4,semi-furnished,1,22423692.67,22142914.69,residential,True,False,6.81,14.57,6.68,5.0,8.14,8.61,7.63,11.94,3.86,1,0
403,Kolar Road,23.178642,77.413848,2511,3,5,8,unfurnished,0,15773968.84,11933951.54,budget,True,False,9.95,14.37,9.0,7.36,6.07,4.09,7.89,7.73,1.23,0,0
404,DB City Road,23.236434,77.438164,2361,3,2,12,unfurnished,0,26681955.82,27559359.22,commercial,True,False,4.49,11.76,3.69,0.67,3.31,3.49,3.69,7.37,3.86,0,0
405,Hoshangabad Road,23.208891,77.465427,1580,4,1,1,fully-furnished,1,16689150.48,17018557.7,commercial,True,True,8.62,15.73,7.82,4.77,6.64,5.46,7.64,10.49,5.96,0,1
406,Govindpura,23.270761,77.473809,3453,3,0,8,unfurnished,1,28248213.77,26933806.42,residential,True,False,6.4,14.08,6.38,5.04,8.1,8.75,7.43,11.77,3.86,0,0
407,Bawadia Kalan,23.209566,77.46112,1997,4,15,7,unfurnished,0,18146471.05,19087299.68,premium_residential,True,False,8.28,15.32,7.47,4.44,6.21,5.01,7.24,10.04,3.86,0,0
408,DB City Road,23.236963,77.437059,2364,2,13,4,fully-furnished,0,19943451.38,20701058.59,commercial,False,True,4.38,11.63,3.57,0.58,3.21,3.44,3.56,7.26,3.86,0,1
409,Arera Colony,23.229307,77.441543,997,3,11,22,unfurnished,0,12601984.27,12228858.31,premium_residential,True,False,5.33,12.45,4.5,1.53,3.66,3.33,4.35,7.71,10.0,0,0
410,MP Nagar,23.228983,77.443345,1410,3,1,16,unfurnished,0,20856230.36,15868623.64,commercial,True,False,5.47,12.63,4.65,1.65,3.85,3.48,4.53,7.9,7.37,0,0
411,Shamla Hills,23.23549,77.417587,2212,5,20,3,fully-furnished,0,23589516.56,23244894.83,premium_residential,True,False,3.71,10.02,2.75,1.98,1.22,2.26,2.01,5.26,3.86,0,1
412,Piplani,23.216099,77.485461,1720,1,2,4,unfurnished,0,9350603.89,8923228.24,budget,True,True,9.55,17.09,8.9,5.85,8.35,7.46,9.02,12.34,3.86,0,0
413,MP Nagar,23.232299,77.43937,3047,3,19,11,fully-furnished,0,31370694.98,30695405.86,commercial,True,True,4.93,12.09,4.1,1.14,3.42,3.31,3.99,7.48,7.37,0,1
414,Jahangirabad,23.254763,77.398321,1809,3,16,5,fully-furnished,1,7337409.97,7269386.5,budget,True,True,2.02,7.21,1.57,4.07,2.54,4.58,0.91,4.07,3.86,0,1
415,Kolar Road,23.173626,77.40604,2364,4,13,1,unfurnished,0,11734405.37,11396098.98,budget,True,True,10.52,14.44,9.58,8.15,6.58,4.7,8.39,7.72,1.23,0,0
416,Nehru Nagar,23.247309,77.449072,2353,3,16,4,semi-furnished,0,7443492.64,7245567.16,residential,False,False,4.52,12.26,3.98,1.5,4.68,5.13,4.52,8.62,3.86,1,0
417,Katara Hills,23.188402,77.444577,2588,3,16,3,semi-furnished,0,15680594.13,16069101.93,residential,True,True,9.5,15.52,8.57,6.01,6.32,4.45,7.88,9.41,3.86,1,0
418,Hoshangabad Road,23.21555,77.462819,1889,1,20,19,semi-furnished,0,15231699.7,14871808.78,commercial,True,False,7.89,15.11,7.11,4.04,6.13,5.14,7.01,10.06,5.96,1,0
419,Misrod,23.167052,77.518666,3353,4,13,1,unfurnished,0,11945158.35,12412242.39,residential,False,False,15.72,22.85,14.95,11.88,13.65,12.12,14.78,17.22,3.86,0,0
420,Anand Nagar,23.274296,77.437695,2617,3,2,5,unfurnished,1,16893758.59,12067435.3,budget,False,True,2.78,10.36,3.02,3.58,5.61,6.99,4.34,8.63,3.86,0,0
421,Bairagarh,23.270164,77.344848,2425,3,1,6,unfurnished,1,15097434.71,14977953.42,budget,True,False,6.8,2.07,7.03,9.8,7.49,9.2,6.57,4.67,0.7,0,0
422,Govindpura,23.261268,77.483396,2235,3,20,4,semi-furnished,0,14599372.4,10633251.07,residential,False,False,7.42,15.22,7.25,5.34,8.52,8.84,8.13,12.39,3.86,1,0
423,MP Nagar,23.228293,77.434079,1320,2,2,2,fully-furnished,1,13230907.46,13149911.23,commercial,True,True,5.03,11.87,4.13,1.53,2.92,2.61,3.78,6.96,7.37,0,1
424,Raisen Road,23.187034,77.438933,2222,3,16,11,semi-furnished,1,25554991.38,26648034.79,premium_residential,True,True,9.46,15.22,8.51,6.1,6.11,4.16,7.73,9.0,3.86,1,0
425,Jahangirabad,23.24415,77.393219,2693,4,14,0,fully-furnished,1,17869550.0,12861336.36,budget,True,False,3.27,7.46,2.64,4.34,1.8,3.73,1.34,3.02,3.86,0,1
426,Katara Hills,23.195305,77.443008,3452,4,17,5,fully-furnished,0,25349949.0,24300974.94,residential,True,False,8.73,14.87,7.8,5.23,5.64,3.84,7.14,8.89,3.86,0,1
427,Arera Colony,23.237363,77.425668,2910,2,4,6,semi-furnished,1,29246726.21,28448235.24,premium_residential,False,False,3.75,10.6,2.83,1.14,2.07,2.76,2.5,6.1,10.0,1,0
428,Kolar Road,23.174664,77.413566,2020,3,14,4,semi-furnished,0,9597576.41,9210909.28,budget,True,False,10.39,14.73,9.44,7.79,6.51,4.53,8.32,8.06,1.23,1,0
429,Indrapuri,23.242821,77.469984,3368,4,17,0,unfurnished,0,14269857.92,14840311.15,residential,True,True,6.64,14.44,6.17,3.52,6.64,6.6,6.69,10.67,2.46,0,0
430,Raisen Road,23.186598,77.444692,1012,3,13,20,semi-furnished,0,11947408.35,11946361.13,premium_residential,True,True,9.69,15.67,8.76,6.21,6.49,4.59,8.05,9.52,3.86,1,0
431,DB City Road,23.221748,77.434961,1178,2,8,20,fully-furnished,0,14075839.96,14018080.19,commercial,True,False,5.72,12.36,4.81,2.24,3.22,2.39,4.33,7.14,3.86,0,1
432,Nehru Nagar,23.242453,77.457544,3082,2,7,3,unfurnished,1,21673704.55,20711782.71,residential,True,True,5.54,13.27,4.99,2.25,5.38,5.48,5.43,9.4,3.86,0,0
433,Misrod,23.164194,77.519662,2104,2,13,6,semi-furnished,0,10129500.24,10256485.31,residential,False,True,16.01,23.12,15.25,12.18,13.91,12.35,15.06,17.45,3.86,1,0
434,Bittan Market,23.263672,77.431173,2701,3,15,6,semi-furnished,1,36515570.69,26682904.24,commercial,True,True,2.1,9.95,1.95,2.44,4.26,5.65,3.11,7.46,3.86,1,0
435,Piplani,23.20909,77.492115,1624,3,7,2,unfurnished,1,6123267.9,5976980.86,budget,True,False,10.57,18.06,9.89,6.84,9.2,8.17,9.97,13.14,3.86,0,0
436,Bittan Market,23.263205,77.430764,2300,5,0,5,unfurnished,1,28424599.1,28576673.65,commercial,True,False,2.08,9.92,1.89,2.4,4.2,5.59,3.05,7.4,3.86,0,0
437,Bittan Market,23.2658,77.431793,2156,3,3,14,fully-furnished,1,22771455.73,23819243.88,commercial,False,False,2.12,9.95,2.07,2.66,4.49,5.9,3.29,7.63,3.86,0,1
438,Shahpura,23.20198,77.425667,1464,1,20,0,unfurnished,1,9434401.37,9299011.6,residential,True,False,7.51,13.09,6.55,4.55,3.98,2.02,5.66,6.98,4.74,0,0
439,Misrod,23.166992,77.51487,861,3,4,4,semi-furnished,1,5126262.54,4953368.31,residential,False,False,15.45,22.54,14.68,11.61,13.33,11.77,14.48,16.87,3.86,1,0
440,Bittan Market,23.255512,77.430539,1680,3,17,22,semi-furnished,1,12570731.32,12040134.41,commercial,False,True,2.44,10.17,1.9,1.58,3.54,4.79,2.7,7.03,3.86,1,0
441,Govindpura,23.261904,77.47269,2926,2,9,5,fully-furnished,1,21368435.1,20887745.04,residential,False,False,6.32,14.13,6.15,4.39,7.54,8.01,7.06,11.35,3.86,0,1
442,Kolar Road,23.179937,77.409066,2681,2,10,0,semi-furnished,0,9023802.67,8631564.71,budget,True,False,9.81,13.99,8.86,7.39,5.88,3.97,7.7,7.32,1.23,1,0
443,Kolar Road,23.178759,77.417973,2343,3,18,10,semi-furnished,0,15150212.85,11569745.66,budget,True,True,9.96,14.6,9.0,7.23,6.13,4.12,7.94,8.0,1.23,1,0
444,Indrapuri,23.250412,77.45665,2466,2,19,5,fully-furnished,0,10092309.4,10561935.5,residential,True,True,5.05,12.87,4.63,2.35,5.53,5.93,5.29,9.45,2.46,0,1
445,Govindpura,23.264932,77.474128,3024,4,9,3,semi-furnished,0,20938241.23,20472365.86,residential,True,False,6.44,14.21,6.32,4.69,7.82,8.34,7.28,11.59,3.86,1,0
446,Bawadia Kalan,23.20855,77.453652,882,5,15,11,semi-furnished,0,12578279.1,12836385.24,premium_residential,True,False,7.93,14.76,7.07,4.14,5.58,4.27,6.73,9.34,3.86,1,0
447,Indrapuri,23.243164,77.463173,1092,4,6,1,unfurnished,0,6058544.43,5851113.43,residential,True,False,6.0,13.77,5.5,2.82,5.96,6.01,5.99,9.98,2.46,0,0
448,Shahpura,23.207163,77.423033,2219,1,10,7,semi-furnished,0,16937369.59,17415128.24,residential,True,True,6.9,12.49,5.94,4.07,3.35,1.42,5.03,6.47,4.74,1,0
449,Katara Hills,23.191734,77.460396,2246,1,16,0,semi-furnished,0,10228350.35,10522520.15,residential,False,False,9.88,16.46,9.0,6.12,7.2,5.56,8.54,10.66,3.86,1,0
450,Danish Kunj,23.225159,77.451194,1158,3,3,24,semi-furnished,1,16107841.92,11879695.83,commercial,True,False,6.3,13.54,5.51,2.45,4.71,4.09,5.44,8.73,3.86,1,0
451,Piplani,23.203714,77.496072,938,2,12,1,unfurnished,0,3519137.99,3481584.64,budget,True,True,11.26,18.7,10.57,7.5,9.77,8.65,10.61,13.67,3.86,0,0
452,Shamla Hills,23.234617,77.40717,1027,3,13,8,semi-furnished,0,11162140.9,10689754.66,premium_residential,False,False,3.78,9.23,2.85,3.02,0.22,2.18,1.65,4.19,3.86,1,0
453,Misrod,23.175276,77.512336,2485,3,12,6,semi-furnished,0,14750554.13,15094226.43,residential,True,True,14.61,21.8,13.86,10.78,12.62,11.14,13.72,16.25,3.86,1,0
454,Indrapuri,23.238982,77.470782,1200,3,20,6,semi-furnished,1,6026796.84,6004664.16,residential,True,True,6.91,14.67,6.39,3.62,6.66,6.49,6.83,10.71,2.46,1,0
455,Govindpura,23.263967,77.486291,2009,3,4,5,unfurnished,1,16893700.75,17053377.65,residential,True,True,7.69,15.45,7.55,5.73,8.9,9.25,8.47,12.75,3.86,0,0
456,Bawadia Kalan,23.209717,77.457567,3395,2,5,17,semi-furnished,1,38681765.83,38586563.88,premium_residential,True,False,8.05,15.01,7.22,4.22,5.87,4.65,6.95,9.69,3.86,1,0
457,Hoshangabad Road,23.223737,77.469047,3233,4,2,3,semi-furnished,1,26173335.61,26355342.08,commercial,True,False,7.71,15.21,7.03,3.98,6.53,5.85,7.14,10.56,5.96,1,0
458,Misrod,23.1751,77.508712,1399,3,19,2,unfurnished,0,6122481.1,6158289.27,residential,True,True,14.37,21.5,13.6,10.53,12.32,10.81,13.43,15.92,3.86,0,0
459,Shamla Hills,23.235333,77.422213,1110,4,12,14,fully-furnished,1,14011012.24,14723443.38,premium_residential,True,False,3.84,10.43,2.89,1.56,1.68,2.4,2.35,5.73,3.86,0,1
460,Danish Kunj,23.213748,77.454834,1186,1,9,19,semi-furnished,0,11838701.35,12012242.46,commercial,True,False,7.52,14.53,6.69,3.7,5.43,4.33,6.45,9.31,3.86,1,0
461,Shahpura,23.194594,77.430324,1542,1,8,6,unfurnished,1,9282726.86,9340011.23,residential,True,False,8.41,14.01,7.46,5.28,4.93,2.95,6.6,7.81,4.74,0,0
462,Jahangirabad,23.250602,77.392987,1437,2,15,0,semi-furnished,0,4318818.45,4503623.64,budget,True,False,2.73,7.0,2.26,4.46,2.36,4.37,1.24,3.36,3.86,1,0
463,Bittan Market,23.248494,77.432631,1597,3,17,5,fully-furnished,0,10051952.59,9768685.62,commercial,True,False,3.11,10.66,2.41,0.78,3.22,4.18,2.83,7.0,3.86,0,1
464,Bawadia Kalan,23.216137,77.450742,1632,4,8,11,semi-furnished,1,17179944.98,17921056.83,premium_residential,True,False,7.07,14.04,6.22,3.26,4.95,3.9,5.96,8.84,3.86,1,0
465,Govindpura,23.266792,77.485637,1985,5,16,0,fully-furnished,0,12292620.87,12589352.21,residential,True,False,7.61,15.34,7.51,5.81,8.97,9.38,8.47,12.78,3.86,0,1
466,Raisen Road,23.177857,77.4497,1245,1,11,18,semi-furnished,0,25620930.62,19184501.18,premium_residential,True,True,10.78,16.72,9.85,7.25,7.57,5.65,9.15,10.49,3.86,1,0
467,Danish Kunj,23.218846,77.453178,3035,3,9,21,semi-furnished,1,25310607.83,24842677.07,commercial,False,False,6.97,14.08,6.16,3.13,5.08,4.17,5.98,9.03,3.86,1,0
468,Misrod,23.163512,77.521532,2319,2,16,0,unfurnished,0,8840584.32,8583348.35,residential,True,True,16.2,23.32,15.44,12.37,14.11,12.56,15.26,17.65,3.86,0,0
469,Misrod,23.176958,77.518785,1516,2,4,4,fully-furnished,1,10537182.89,10435320.39,residential,True,True,14.96,22.24,14.23,11.15,13.11,11.68,14.14,16.79,3.86,0,1
470,Govindpura,23.268206,77.488405,2577,4,1,9,unfurnished,0,18315175.74,18644827.0,residential,True,True,7.89,15.6,7.81,6.13,9.29,9.7,8.78,13.09,3.86,0,0
471,Shahpura,23.206782,77.422031,2830,2,10,8,unfurnished,1,18853142.45,18668305.6,residential,True,False,6.92,12.45,5.96,4.14,3.34,1.37,5.03,6.4,4.74,0,0
472,Indrapuri,23.255502,77.464038,2182,4,18,4,unfurnished,0,8617177.47,9002571.51,residential,True,True,5.59,13.43,5.29,3.27,6.44,6.87,6.08,10.31,2.46,0,0
473,Piplani,23.215191,77.485878,2870,3,1,1,unfurnished,0,10881254.53,10904936.05,budget,True,True,9.65,17.18,8.99,5.94,8.41,7.5,9.1,12.4,3.86,0,0
474,DB City Road,23.223622,77.444275,3268,4,8,20,unfurnished,0,27184420.82,26285500.02,commercial,True,False,6.01,13.02,5.16,2.22,4.05,3.36,4.93,8.05,3.86,0,0
475,Bawadia Kalan,23.2091,77.450412,2786,3,19,22,fully-furnished,1,25583318.63,26375720.13,premium_residential,True,False,7.7,14.46,6.83,3.95,5.26,3.94,6.44,9.0,3.86,0,1
476,Bittan Market,23.262738,77.43043,2685,3,4,16,semi-furnished,1,21773546.09,21705821.66,commercial,True,False,2.06,9.91,1.85,2.36,4.13,5.53,2.99,7.35,3.86,1,0
477,DB City Road,23.228039,77.447588,2575,2,19,1,semi-furnished,0,19819759.8,20659528.04,commercial,True,False,5.82,13.06,5.03,1.97,4.29,3.84,4.96,8.34,3.86,1,0
478,Piplani,23.199969,77.490114,2265,3,1,6,fully-furnished,1,19679884.06,14506424.65,budget,True,True,11.08,18.39,10.34,7.27,9.35,8.12,10.29,13.19,3.86,0,1
479,Bairagarh,23.270879,77.350762,1649,2,13,2,unfurnished,1,7124491.79,7275446.37,budget,False,False,6.2,2.29,6.44,9.25,7.04,8.8,6.04,4.5,0.7,0,0
480,Anand Nagar,23.278825,77.433076,1461,3,7,3,fully-furnished,1,7186308.94,7281708.33,budget,True,True,2.5,9.84,2.96,4.09,5.78,7.31,4.34,8.52,3.86,0,1
481,Nehru Nagar,23.250138,77.447114,1954,1,13,3,semi-furnished,0,10931424.53,11076860.47,residential,False,False,4.19,11.96,3.69,1.48,4.62,5.21,4.31,8.49,3.86,1,0
482,Piplani,23.205913,77.488736,2306,4,11,0,unfurnished,0,7575668.53,7956750.92,budget,True,True,10.53,17.93,9.82,6.75,8.98,7.87,9.83,12.88,3.86,0,0
483,Kolar Road,23.169427,77.405271,2642,4,16,9,semi-furnished,0,11247048.19,11379642.51,budget,True,False,10.99,14.81,10.05,8.62,7.04,5.17,8.86,8.08,1.23,1,0
484,Raisen Road,23.175788,77.448476,2179,3,8,23,fully-furnished,1,24122469.56,24700406.26,premium_residential,True,False,10.95,16.8,10.01,7.45,7.68,5.74,9.29,10.52,3.86,0,1
485,Ayodhya Bypass,23.269996,77.472021,925,4,2,1,unfurnished,0,4438045.36,4442288.15,developing,False,True,6.22,13.91,6.18,4.85,7.9,8.56,7.23,11.57,0.0,0,0
486,Jahangirabad,23.253418,77.39928,2223,1,14,0,semi-furnished,1,8156958.72,8448567.2,budget,True,False,2.07,7.37,1.54,3.93,2.36,4.4,0.74,4.07,3.86,1,0
487,Bawadia Kalan,23.209335,77.441468,3427,5,20,15,fully-furnished,0,33808254.91,34037096.24,premium_residential,True,True,7.24,13.72,6.33,3.67,4.48,3.04,5.8,8.12,3.86,0,1
488,Shamla Hills,23.236319,77.424064,3424,2,11,20,fully-furnished,1,56289362.6,57312144.63,premium_residential,True,True,3.8,10.52,2.86,1.34,1.88,2.58,2.43,5.92,3.86,0,1
489,Indrapuri,23.25758,77.467668,2099,2,6,8,semi-furnished,0,12057078.9,12036474.95,residential,True,True,5.89,13.73,5.64,3.71,6.87,7.31,6.48,10.73,2.46,1,0
490,Govindpura,23.273887,77.470217,1673,3,12,7,semi-furnished,0,14913329.38,11231486.7,residential,True,False,6.06,13.67,6.1,5.0,7.98,8.74,7.2,11.56,3.86,1,0
491,Jahangirabad,23.261202,77.396853,2407,3,6,8,unfurnished,0,10146998.31,10175833.38,budget,False,True,1.68,6.74,1.62,4.5,3.26,5.3,1.55,4.43,3.86,0,0
492,Anand Nagar,23.264328,77.444779,2606,4,5,2,semi-furnished,1,13243039.83,12831819.76,budget,True,True,3.46,11.28,3.33,2.65,5.27,6.32,4.39,8.75,3.86,1,0
493,Misrod,23.174255,77.512666,1582,3,8,2,semi-furnished,0,7352787.02,7383611.15,residential,True,False,14.72,21.89,13.96,10.89,12.71,11.22,13.81,16.33,3.86,1,0
494,Nehru Nagar,23.247557,77.449225,948,3,18,4,semi-furnished,0,4855186.59,4632171.8,residential,True,False,4.52,12.27,3.99,1.52,4.71,5.16,4.53,8.64,3.86,1,0
495,Nehru Nagar,23.246802,77.457724,3177,3,2,3,semi-furnished,1,25569788.53,24794386.48,residential,True,True,5.32,13.11,4.84,2.33,5.51,5.77,5.4,9.48,3.86,1,0
496,Raisen Road,23.178222,77.447623,2343,2,18,14,unfurnished,0,8188195.33,8395767.37,premium_residential,True,True,10.67,16.54,9.73,7.17,7.41,5.48,9.01,10.29,3.86,0,0
497,Danish Kunj,23.223006,77.449607,1542,3,15,19,unfurnished,1,15094659.23,15033386.9,commercial,True,False,6.38,13.52,5.57,2.55,4.6,3.88,5.42,8.6,3.86,0,0
498,Hoshangabad Road,23.216528,77.46869,1073,3,0,14,semi-furnished,1,11743165.11,11325480.16,commercial,True,True,8.22,15.57,7.48,4.41,6.67,5.74,7.47,10.64,5.96,1,0
499,Misrod,23.177162,77.517891,2534,3,4,7,unfurnished,0,15238897.82,15159555.71,residential,True,False,14.88,22.15,14.15,11.07,13.02,11.59,14.05,16.7,3.86,0,0
500,Raisen Road,23.195243,77.45196,3380,3,10,11,semi-furnished,0,41364619.19,31700517.57,premium_residential,True,False,9.12,15.55,8.22,5.44,6.29,4.62,7.69,9.71,3.86,1,0
501,Anand Nagar,23.273097,77.4394,1124,2,1,0,semi-furnished,1,5388393.27,5190628.22,budget,True,True,2.92,10.56,3.11,3.47,5.6,6.93,4.39,8.7,3.86,1,0
502,MP Nagar,23.227356,77.434381,1871,2,14,24,semi-furnished,1,20564059.44,20385311.34,commercial,True,True,5.13,11.95,4.24,1.63,2.97,2.58,3.87,6.99,7.37,1,0
503,Bawadia Kalan,23.20207,77.450949,3260,5,8,8,fully-furnished,1,58468306.39,41862153.09,premium_residential,True,False,8.4,14.98,7.51,4.69,5.74,4.2,7.04,9.31,3.86,0,1
504,Misrod,23.173214,77.50758,1029,3,15,9,unfurnished,0,4742347.95,4648054.52,residential,True,False,14.44,21.53,13.66,10.6,12.33,10.8,13.47,15.9,3.86,0,0
505,Piplani,23.202776,77.485491,1497,2,11,7,fully-furnished,0,8227357.86,6200669.12,budget,True,True,10.52,17.82,9.78,6.7,8.8,7.6,9.72,12.65,3.86,0,1
506,Katara Hills,23.201181,77.449126,2645,2,16,3,semi-furnished,0,13679995.14,13917537.9,residential,True,True,8.4,14.9,7.5,4.73,5.65,4.07,6.99,9.18,3.86,1,0
507,Bairagarh,23.271198,77.33362,946,5,12,1,unfurnished,0,2928266.23,3033169.13,budget,False,False,7.95,1.85,8.18,10.92,8.53,10.16,7.69,5.4,0.7,0,0
508,Hoshangabad Road,23.217183,77.461082,1711,3,9,15,unfurnished,1,14569445.77,14712472.29,commercial,True,True,7.63,14.86,6.86,3.79,5.9,4.97,6.76,9.86,5.96,0,0
509,Piplani,23.212569,77.494878,3413,2,17,4,unfurnished,0,8091450.71,8446111.8,budget,False,False,10.56,18.13,9.92,6.89,9.37,8.43,10.06,13.35,3.86,0,0
510,Kolar Road,23.180805,77.414432,2772,1,18,5,unfurnished,0,10226809.64,10258570.12,budget,True,True,9.72,14.2,8.76,7.12,5.84,3.86,7.66,7.59,1.23,0,0
511,MP Nagar,23.234902,77.434563,2594,5,16,10,semi-furnished,1,26566553.46,27408023.62,commercial,True,False,4.42,11.52,3.57,0.79,2.93,3.1,3.43,6.99,7.37,1,0
512,Shahpura,23.201025,77.427777,2329,3,19,0,unfurnished,0,13054847.71,13340025.02,residential,True,True,7.66,13.31,6.7,4.61,4.18,2.24,5.84,7.22,4.74,0,0
513,Bawadia Kalan,23.202568,77.449833,2394,1,2,0,unfurnished,0,21085751.31,20166869.17,premium_residential,True,False,8.3,14.86,7.41,4.6,5.61,4.08,6.93,9.19,3.86,0,0
514,Kolar Road,23.178759,77.414848,1251,3,10,3,semi-furnished,0,8508249.61,6401645.76,budget,True,False,9.95,14.42,8.99,7.32,6.07,4.09,7.89,7.79,1.23,1,0
515,Bawadia Kalan,23.206994,77.445704,3181,3,13,21,fully-furnished,0,28012871.91,28559881.58,premium_residential,False,False,7.67,14.22,6.77,4.01,4.98,3.52,6.28,8.62,3.86,0,1
516,Kolar Road,23.172565,77.413643,1271,1,12,0,unfurnished,0,5837256.64,5734798.67,budget,True,True,10.63,14.93,9.67,8.01,6.74,4.77,8.56,8.25,1.23,0,0
517,Arera Colony,23.237563,77.441757,3420,4,12,21,unfurnished,1,40330024.53,40157835.23,premium_residential,True,False,4.63,12.03,3.88,0.8,3.69,3.85,3.98,7.74,10.0,0,0
518,Shamla Hills,23.238219,77.410087,2508,1,17,7,fully-furnished,1,31178535.01,31160433.23,premium_residential,False,True,3.36,9.23,2.41,2.64,0.71,2.52,1.34,4.52,3.86,0,1
519,Piplani,23.218082,77.499822,1692,3,0,2,unfurnished,1,7030204.02,7035580.9,budget,True,False,10.64,18.31,10.06,7.09,9.74,8.93,10.31,13.76,3.86,0,0
520,Ayodhya Bypass,23.277881,77.46612,1609,4,0,10,unfurnished,1,8685291.03,8905628.75,developing,True,False,5.7,13.21,5.83,5.05,7.91,8.81,7.0,11.36,0.0,0,0
521,Anand Nagar,23.277479,77.451213,1977,3,7,5,unfurnished,1,11874914.97,8711792.78,budget,True,True,4.2,11.7,4.4,4.24,6.76,7.91,5.66,9.99,3.86,0,0
522,Danish Kunj,23.222212,77.451206,2091,2,7,1,semi-furnished,1,16934474.97,16527382.71,commercial,True,False,6.55,13.71,5.75,2.71,4.78,4.02,5.61,8.77,3.86,1,0
523,Raisen Road,23.187216,77.446588,896,3,20,17,semi-furnished,1,9718124.75,9772506.61,premium_residential,False,False,9.7,15.75,8.77,6.17,6.56,4.69,8.1,9.65,3.86,1,0
524,Hoshangabad Road,23.2224,77.471798,1488,2,18,7,fully-furnished,1,11245644.06,10932402.43,commercial,False,True,8.02,15.53,7.35,4.29,6.84,6.11,7.46,10.86,5.96,0,1
525,Arera Colony,23.239589,77.439413,2054,2,15,15,semi-furnished,0,31540455.13,23125969.87,premium_residential,False,False,4.3,11.71,3.55,0.47,3.5,3.82,3.69,7.52,10.0,1,0
526,Govindpura,23.272688,77.488324,3192,2,4,2,semi-furnished,1,24328479.03,24559064.13,residential,True,False,7.89,15.53,7.88,6.38,9.5,10.0,8.91,13.24,3.86,1,0
527,Danish Kunj,23.219338,77.442019,3073,4,4,9,fully-furnished,1,33807501.91,34017393.96,commercial,True,True,6.29,13.1,5.41,2.59,3.98,3.04,5.04,7.89,3.86,0,1
528,MP Nagar,23.226494,77.438083,3408,2,1,22,semi-furnished,1,35655670.61,36796917.21,commercial,False,True,5.4,12.32,4.53,1.74,3.36,2.87,4.23,7.38,7.37,1,0
529,Ayodhya Bypass,23.275488,77.46864,2714,4,4,5,unfurnished,0,12943010.5,13378326.64,developing,True,True,5.92,13.49,5.99,5.02,7.95,8.77,7.12,11.49,0.0,0,0
530,Misrod,23.175457,77.512856,1687,3,9,0,unfurnished,0,7928309.44,7838245.63,residential,False,False,14.64,21.83,13.88,10.81,12.66,11.19,13.75,16.3,3.86,0,0
531,Bittan Market,23.24953,77.431049,942,2,10,10,semi-furnished,0,8133791.42,8517807.55,commercial,True,False,2.92,10.46,2.21,0.96,3.15,4.21,2.67,6.88,3.86,1,0
532,Anand Nagar,23.270204,77.432431,2301,3,8,1,unfurnished,1,9162293.53,9423071.96,budget,True,True,2.17,9.91,2.33,3.14,4.93,6.38,3.63,7.93,3.86,0,0
533,Shamla Hills,23.234607,77.420565,1788,4,5,23,fully-furnished,1,28891620.85,28421884.31,premium_residential,True,False,3.87,10.33,2.92,1.74,1.5,2.26,2.29,5.56,3.86,0,1
534,Indrapuri,23.24165,77.468884,1879,3,18,1,semi-furnished,0,8013266.88,8296781.98,residential,True,False,6.6,14.38,6.1,3.41,6.51,6.44,6.59,10.54,2.46,1,0
535,Hoshangabad Road,23.221907,77.475086,2240,3,13,22,unfurnished,0,18392928.62,18104303.93,commercial,True,False,8.32,15.85,7.65,4.61,7.18,6.43,7.79,11.2,5.96,0,0
536,Bairagarh,23.270153,77.344749,1027,4,14,2,fully-furnished,1,4645025.46,4622406.85,budget,False,False,6.81,2.06,7.03,9.81,7.5,9.2,6.58,4.68,0.7,0,1
537,Arera Colony,23.229878,77.435645,2131,2,5,6,semi-furnished,0,27854456.37,28189260.35,premium_residential,False,False,4.95,11.91,4.08,1.34,3.05,2.84,3.81,7.11,10.0,1,0
538,Jahangirabad,23.247439,77.391618,1542,1,17,3,unfurnished,0,4421191.52,4391851.27,budget,True,True,3.08,7.1,2.55,4.54,2.17,4.13,1.39,3.05,3.86,0,0
539,Jahangirabad,23.249923,77.399437,1673,3,2,2,semi-furnished,1,7643541.68,7366161.15,budget,False,False,2.39,7.59,1.74,3.8,1.99,4.03,0.57,3.88,3.86,1,0
540,Misrod,23.166913,77.514414,3167,2,13,5,unfurnished,0,12789572.46,13146538.35,residential,True,True,15.43,22.51,14.65,11.59,13.29,11.74,14.45,16.83,3.86,0,0
541,Kolar Road,23.165266,77.421956,3145,3,14,0,semi-furnished,0,13234879.16,13518938.17,budget,False,False,11.48,16.07,10.52,8.61,7.68,5.66,9.48,9.41,1.23,1,0
542,Shahpura,23.188884,77.431445,3493,2,11,2,unfurnished,0,31749615.07,22775613.69,residential,True,True,9.06,14.56,8.1,5.9,5.54,3.53,7.23,8.26,4.74,0,0
543,Bawadia Kalan,23.211117,77.458625,3215,2,3,18,unfurnished,1,36594293.39,37024551.05,premium_residential,True,False,7.99,15.02,7.17,4.15,5.91,4.74,6.94,9.75,3.86,0,0
544,Jahangirabad,23.248632,77.399203,2824,2,2,7,semi-furnished,1,19276518.78,18562017.1,budget,True,False,2.52,7.65,1.85,3.8,1.87,3.91,0.6,3.79,3.86,1,0
545,Shahpura,23.195191,77.434534,1132,3,0,6,semi-furnished,1,8618603.14,9025377.2,residential,False,True,8.46,14.26,7.51,5.19,5.11,3.19,6.72,8.14,4.74,1,0
546,Arera Colony,23.233481,77.43798,1337,2,10,12,fully-furnished,1,18962062.71,19321225.32,premium_residential,True,True,4.74,11.9,3.91,0.97,3.27,3.27,3.81,7.34,10.0,0,1
547,Bawadia Kalan,23.215967,77.45847,3470,1,19,15,semi-furnished,1,35238556.04,35741296.73,premium_residential,False,False,7.56,14.71,6.76,3.71,5.69,4.7,6.61,9.62,3.86,1,0
548,Kolar Road,23.165566,77.414965,1712,2,11,6,semi-furnished,0,6114471.07,6383216.89,budget,False,False,11.41,15.66,10.45,8.72,7.52,5.55,9.34,8.97,1.23,1,0
549,Misrod,23.158943,77.520175,1054,4,6,7,unfurnished,1,10577364.37,7967945.39,residential,True,True,16.47,23.51,15.69,12.63,14.28,12.68,15.47,17.75,3.86,0,0
550,Piplani,23.216802,77.500853,2493,1,10,2,unfurnished,0,7627742.39,7540654.65,budget,False,True,10.81,18.47,10.22,7.24,9.87,9.03,10.45,13.89,3.86,0,0
551,Bawadia Kalan,23.212666,77.445594,3315,3,12,19,fully-furnished,0,30502239.07,31717646.24,premium_residential,False,False,7.11,13.83,6.23,3.41,4.64,3.39,5.81,8.42,3.86,0,1
552,Shamla Hills,23.236539,77.413693,1615,4,1,20,semi-furnished,1,22116858.31,21732040.99,premium_residential,True,True,3.55,9.63,2.59,2.32,0.88,2.32,1.68,4.87,3.86,1,0
553,Bittan Market,23.255827,77.431282,2466,2,9,11,fully-furnished,1,28124123.47,27729779.28,commercial,True,True,2.48,10.23,1.96,1.59,3.62,4.85,2.78,7.12,3.86,0,1
554,Shahpura,23.204578,77.436388,1332,1,17,3,unfurnished,0,7610474.67,7326316.63,residential,True,False,7.53,13.67,6.59,4.15,4.43,2.72,5.91,7.83,4.74,0,0
555,Piplani,23.20792,77.483215,2638,2,0,0,unfurnished,0,11339046.52,11527740.97,budget,False,True,9.96,17.33,9.24,6.16,8.38,7.28,9.23,12.28,3.86,0,0
556,Raisen Road,23.188455,77.438855,2630,3,19,23,semi-furnished,1,31561379.68,30581911.81,premium_residential,True,True,9.3,15.1,8.36,5.94,5.97,4.03,7.59,8.91,3.86,1,0
557,Anand Nagar,23.274813,77.441012,2625,3,1,1,semi-furnished,1,11252084.13,11670053.64,budget,True,False,3.12,10.69,3.34,3.68,5.85,7.17,4.64,8.94,3.86,1,0
558,Hoshangabad Road,23.220376,77.475159,2642,5,5,21,semi-furnished,1,18583275.94,18523437.15,commercial,True,False,8.43,15.94,7.76,4.7,7.22,6.43,7.87,11.23,5.96,1,0
559,Bawadia Kalan,23.200561,77.445021,1053,2,19,11,unfurnished,0,7139922.52,6971007.86,premium_residential,False,False,8.28,14.63,7.36,4.69,5.37,3.71,6.78,8.82,3.86,0,0
560,Ayodhya Bypass,23.275795,77.461609,1749,5,16,5,unfurnished,0,6684917.47,6494061.32,developing,True,True,5.21,12.77,5.31,4.59,7.41,8.34,6.49,10.85,0.0,0,0
561,Ayodhya Bypass,23.275683,77.478799,1123,2,12,0,unfurnished,0,2784159.56,2890068.11,developing,True,False,6.95,14.53,7.0,5.78,8.82,9.5,8.09,12.45,0.0,0,0
562,Raisen Road,23.187915,77.446119,2234,2,9,1,fully-furnished,0,26623140.8,27151418.43,premium_residential,True,False,9.61,15.67,8.68,6.09,6.46,4.6,8.01,9.57,3.86,0,1
563,Misrod,23.162845,77.512984,2979,2,15,3,fully-furnished,1,17752494.03,17767761.4,residential,True,False,15.66,22.66,14.87,11.82,13.43,11.82,14.63,16.9,3.86,0,1
564,Bairagarh,23.2615,77.3421,2708,2,11,9,unfurnished,0,14279815.5,14431358.8,budget,True,True,7.12,2.92,7.22,9.81,7.26,8.83,6.57,4.02,0.7,0,0
565,MP Nagar,23.225605,77.428915,3311,4,12,3,unfurnished,0,25671067.37,26315569.28,commercial,True,False,5.08,11.61,4.15,1.94,2.48,2.0,3.6,6.46,7.37,0,0
566,Arera Colony,23.222471,77.428708,3113,4,6,14,semi-furnished,1,43156568.09,43977327.08,premium_residential,False,True,5.4,11.8,4.46,2.27,2.6,1.82,3.84,6.49,10.0,1,0
567,Govindpura,23.272332,77.487475,3356,2,6,1,semi-furnished,0,24542874.67,18434887.59,residential,True,True,7.81,15.45,7.78,6.28,9.41,9.91,8.81,13.15,3.86,1,0
568,Danish Kunj,23.223739,77.453009,1565,3,20,16,unfurnished,0,14330605.03,15046159.95,commercial,False,False,6.54,13.78,5.76,2.7,4.92,4.23,5.68,8.93,3.86,0,0
569,Nehru Nagar,23.240265,77.455987,1698,2,4,6,fully-furnished,0,11124656.96,11584108.17,residential,True,True,5.54,13.21,4.94,2.1,5.18,5.21,5.32,9.22,3.86,0,1
570,Bairagarh,23.271121,77.344374,1951,2,11,0,semi-furnished,0,6877531.5,6745302.38,budget,True,False,6.85,1.95,7.09,9.88,7.59,9.3,6.65,4.79,0.7,1,0
571,Indrapuri,23.248295,77.458075,1487,2,16,2,fully-furnished,0,8312014.2,8361115.4,residential,True,True,5.28,13.09,4.83,2.4,5.59,5.9,5.43,9.55,2.46,0,1
572,Shahpura,23.19019,77.429108,2355,3,4,7,fully-furnished,1,15590877.99,16376490.48,residential,True,False,8.86,14.29,7.9,5.78,5.3,3.28,7.01,7.98,4.74,0,1
573,Shahpura,23.193881,77.433074,2382,2,0,2,semi-furnished,1,20468314.2,15044587.51,residential,True,True,8.56,14.26,7.61,5.34,5.14,3.19,6.79,8.09,4.74,1,0
574,Bawadia Kalan,23.216239,77.456135,2315,1,19,6,semi-furnished,1,19677213.67,20441860.59,premium_residential,True,False,7.39,14.49,6.58,3.54,5.46,4.46,6.39,9.38,3.86,1,0
575,Govindpura,23.268972,77.486972,2830,3,5,3,semi-furnished,1,16923673.0,16796381.27,residential,True,True,7.74,15.44,7.68,6.05,9.19,9.64,8.66,12.98,3.86,1,0
576,Kolar Road,23.17569,77.407296,1046,1,0,0,unfurnished,1,3992113.74,4180541.78,budget,False,False,10.29,14.3,9.34,7.89,6.35,4.45,8.17,7.6,1.23,0,0
577,Hoshangabad Road,23.215394,77.472551,1637,2,8,5,fully-furnished,1,13941716.68,13583637.75,commercial,True,True,8.6,15.97,7.87,4.79,7.09,6.14,7.87,11.05,5.96,0,1
578,DB City Road,23.239157,77.446159,1382,2,0,15,semi-furnished,1,11822592.32,12091820.62,commercial,True,False,4.83,12.35,4.13,1.13,4.17,4.31,4.36,8.2,3.86,1,0
579,Bawadia Kalan,23.202112,77.448014,1868,3,11,17,fully-furnished,1,24696410.52,23588783.0,premium_residential,False,False,8.26,14.75,7.35,4.6,5.5,3.92,6.84,9.03,3.86,0,1
580,Piplani,23.213213,77.496963,2503,3,15,9,semi-furnished,0,9246111.38,9522955.34,budget,False,False,10.69,18.28,10.06,7.04,9.56,8.64,10.23,13.55,3.86,1,0
581,Danish Kunj,23.216279,77.442529,3339,2,0,19,fully-furnished,0,34606180.57,33775663.14,commercial,True,False,6.61,13.34,5.72,2.94,4.17,3.06,5.31,8.02,3.86,0,1
582,MP Nagar,23.232663,77.436908,2873,1,3,0,fully-furnished,1,27805096.16,29126696.14,commercial,True,False,4.76,11.86,3.91,1.04,3.16,3.12,3.75,7.23,7.37,0,1
583,Bittan Market,23.251927,77.433099,3023,2,15,16,fully-furnished,0,29779427.68,28790827.48,commercial,True,False,2.89,10.55,2.28,1.13,3.48,4.54,2.89,7.15,3.86,0,1
584,Kolar Road,23.171199,77.422944,2558,4,13,2,unfurnished,0,15795311.64,11947925.28,budget,False,True,10.84,15.57,9.88,7.95,7.06,5.03,8.85,8.96,1.23,0,0
585,Jahangirabad,23.243415,77.392248,3079,3,0,2,unfurnished,1,15014995.91,11429777.23,budget,False,True,3.39,7.44,2.77,4.44,1.82,3.72,1.46,2.9,3.86,0,0
586,Bittan Market,23.26626,77.433286,1472,2,8,15,fully-furnished,0,12176396.78,11836720.03,commercial,False,False,2.26,10.09,2.23,2.7,4.62,6.0,3.44,7.79,3.86,0,1
587,Bairagarh,23.2615,77.3421,2339,2,20,0,semi-furnished,0,5628334.86,5418340.01,budget,True,False,7.12,2.92,7.22,9.81,7.26,8.83,6.57,4.02,0.7,1,0
588,Anand Nagar,23.278082,77.445534,1715,3,10,6,semi-furnished,0,7797775.39,7448186.39,budget,True,True,3.66,11.11,3.93,4.12,6.43,7.7,5.22,9.53,3.86,1,0
589,Nehru Nagar,23.238349,77.443618,3118,3,11,1,unfurnished,0,17366410.85,16873625.74,residential,True,True,4.7,12.16,3.97,0.91,3.9,4.05,4.14,7.94,3.86,0,0
590,Katara Hills,23.193141,77.459581,3044,2,8,1,unfurnished,1,16364887.59,16753550.7,residential,False,False,9.7,16.3,8.82,5.94,7.04,5.41,8.37,10.51,3.86,0,0
591,Ayodhya Bypass,23.265556,77.46599,3059,2,17,1,unfurnished,0,7420958.91,7296375.35,developing,False,False,5.61,13.38,5.5,4.06,7.12,7.78,6.49,10.82,0.0,0,0
592,Piplani,23.201801,77.495936,2494,3,12,2,unfurnished,0,8708177.84,8525599.44,budget,True,False,11.38,18.8,10.68,7.61,9.83,8.67,10.7,13.71,3.86,0,0
593,Shahpura,23.206288,77.428654,1198,1,9,8,fully-furnished,1,14195977.25,10434774.34,residential,False,False,7.12,12.97,6.16,4.02,3.76,1.94,5.35,7.03,4.74,0,1
594,Danish Kunj,23.21641,77.450545,1033,2,0,20,semi-furnished,0,10903088.11,10496752.0,commercial,True,False,7.03,14.0,6.19,3.22,4.92,3.89,5.92,8.81,3.86,1,0
595,Nehru Nagar,23.239563,77.453233,3304,3,1,4,semi-furnished,1,19499548.58,19540641.45,residential,True,False,5.36,12.99,4.73,1.82,4.89,4.93,5.05,8.93,3.86,1,0
596,Anand Nagar,23.267471,77.435415,1932,3,18,3,semi-furnished,0,6197161.85,6403692.56,budget,True,True,2.47,10.27,2.48,2.82,4.86,6.2,3.7,8.04,3.86,1,0
597,Jahangirabad,23.246584,77.392401,2366,2,16,0,semi-furnished,1,6459205.94,6580515.35,budget,True,True,3.1,7.23,2.54,4.45,2.05,4.01,1.33,3.07,3.86,1,0
598,MP Nagar,23.235324,77.434775,2505,3,11,0,semi-furnished,1,23922135.58,24125564.04,commercial,True,True,4.39,11.52,3.54,0.74,2.96,3.15,3.42,7.01,7.37,1,0
599,Bairagarh,23.270058,77.348668,2949,2,11,3,unfurnished,0,9687010.02,9758646.39,budget,True,False,6.41,2.25,6.64,9.42,7.16,8.9,6.2,4.49,0.7,0,0
600,Shahpura,23.205631,77.420177,843,3,4,5,semi-furnished,0,7073151.41,6845741.92,residential,False,False,7.02,12.41,6.06,4.33,3.36,1.35,5.09,6.29,4.74,1,0
601,Piplani,23.206976,77.485495,1706,2,7,10,unfurnished,0,5030923.25,5140123.39,budget,False,False,10.2,17.58,9.49,6.41,8.63,7.52,9.48,12.53,3.86,0,0
602,Bawadia Kalan,23.207275,77.449837,2465,3,11,4,unfurnished,1,21963909.2,22651419.07,premium_residential,True,True,7.84,14.54,6.96,4.11,5.32,3.92,6.54,9.01,3.86,0,0
603,Bairagarh,23.2615,77.3421,3371,3,5,1,semi-furnished,1,15383823.87,15427396.53,budget,True,False,7.12,2.92,7.22,9.81,7.26,8.83,6.57,4.02,0.7,1,0
604,Ayodhya Bypass,23.264441,77.462799,1663,2,15,5,unfurnished,0,5099148.1,5095698.29,developing,True,True,5.29,13.08,5.16,3.73,6.78,7.46,6.14,10.47,0.0,0,0
605,Arera Colony,23.224457,77.437886,2763,2,11,18,semi-furnished,1,27389195.95,27103675.99,premium_residential,True,False,5.59,12.43,4.7,1.96,3.4,2.77,4.35,7.39,10.0,1,0
606,Danish Kunj,23.224715,77.448125,1088,2,19,15,semi-furnished,1,9700818.0,10076487.12,commercial,True,True,6.14,13.29,5.33,2.3,4.41,3.77,5.19,8.42,3.86,1,0
607,Bittan Market,23.257385,77.430239,2132,2,11,19,fully-furnished,1,23787517.34,24144120.31,commercial,True,True,2.3,10.07,1.83,1.79,3.67,4.97,2.73,7.08,3.86,0,1
608,Nehru Nagar,23.248273,77.447139,1336,1,3,4,semi-furnished,1,7931587.07,7955217.07,residential,False,False,4.3,12.04,3.76,1.37,4.54,5.06,4.31,8.45,3.86,1,0
609,Bairagarh,23.2615,77.3421,2212,4,10,2,unfurnished,0,9428669.68,9144785.44,budget,True,True,7.12,2.92,7.22,9.81,7.26,8.83,6.57,4.02,0.7,0,0
610,DB City Road,23.221018,77.437477,1623,2,1,8,semi-furnished,1,22262493.42,15967666.21,commercial,True,False,5.9,12.61,5.0,2.33,3.48,2.62,4.57,7.4,3.86,1,0
611,Ayodhya Bypass,23.280967,77.466402,2586,1,17,4,semi-furnished,0,7884047.2,8226427.7,developing,True,False,5.8,13.22,5.98,5.34,8.15,9.1,7.19,11.54,0.0,1,0
612,Bairagarh,23.2615,77.3421,839,1,7,3,unfurnished,0,3353606.85,3420842.41,budget,True,True,7.12,2.92,7.22,9.81,7.26,8.83,6.57,4.02,0.7,0,0
613,Piplani,23.21453,77.499816,3353,3,15,6,semi-furnished,0,13963269.91,14189041.67,budget,True,True,10.85,18.48,10.24,7.24,9.82,8.93,10.44,13.82,3.86,1,0
614,Misrod,23.16819,77.511311,3097,5,16,4,unfurnished,1,13270594.9,13576085.07,residential,True,False,15.11,22.17,14.33,11.26,12.95,11.39,14.12,16.48,3.86,0,0
615,Anand Nagar,23.266765,77.446177,3099,3,6,6,semi-furnished,0,11227627.02,10862934.84,budget,True,True,3.57,11.36,3.52,2.95,5.56,6.63,4.63,8.99,3.86,1,0
616,Jahangirabad,23.258115,77.398679,1881,1,17,2,semi-furnished,0,6973154.88,6919027.48,budget,True,False,1.73,7.06,1.44,4.18,2.88,4.92,1.16,4.33,3.86,1,0
617,MP Nagar,23.234791,77.430033,1517,3,18,3,unfurnished,0,11713006.87,11293405.28,commercial,True,True,4.2,11.13,3.3,0.98,2.47,2.78,3.03,6.53,7.37,0,0
618,Raisen Road,23.181712,77.442653,856,3,5,2,semi-furnished,1,7118128.96,7475660.78,premium_residential,True,True,10.13,15.92,9.19,6.72,6.81,4.85,8.43,9.66,3.86,1,0
619,Shahpura,23.203091,77.421049,1904,3,11,2,fully-furnished,0,12737400.37,12647200.51,residential,True,True,7.31,12.68,6.35,4.56,3.65,1.63,5.39,6.5,4.74,0,1
620,Raisen Road,23.195434,77.450851,1615,3,17,8,semi-furnished,0,13188675.4,13463824.36,premium_residential,False,False,9.05,15.45,8.14,5.39,6.2,4.51,7.6,9.6,3.86,1,0
621,Bawadia Kalan,23.21735,77.458253,1503,3,15,7,fully-furnished,1,14284811.87,14472961.99,premium_residential,True,False,7.43,14.6,6.64,3.58,5.62,4.68,6.5,9.57,3.86,0,1
622,Danish Kunj,23.222169,77.451665,2542,3,12,9,fully-furnished,1,27777846.64,28061150.75,commercial,True,False,6.59,13.75,5.78,2.74,4.83,4.06,5.65,8.82,3.86,0,1
623,MP Nagar,23.239249,77.425127,1439,1,20,14,fully-furnished,1,16432959.66,16726827.16,commercial,True,False,3.53,10.45,2.62,1.11,2.08,2.92,2.35,6.06,7.37,0,1
624,Shahpura,23.192467,77.425918,1200,4,5,9,semi-furnished,0,6992688.08,7116595.02,residential,True,False,8.55,13.89,7.59,5.57,4.93,2.9,6.66,7.57,4.74,1,0
625,Kolar Road,23.17585,77.411743,2471,3,14,4,fully-furnished,0,11431727.37,11196812.96,budget,False,False,10.26,14.52,9.31,7.72,6.36,4.4,8.17,7.85,1.23,0,1
626,Anand Nagar,23.2684,77.443002,2523,3,19,6,unfurnished,0,7766706.33,7440257.49,budget,True,False,3.24,11.01,3.25,3.02,5.45,6.62,4.42,8.78,3.86,0,0
627,Shahpura,23.192667,77.438133,3217,2,5,2,semi-furnished,0,20806348.99,20814517.69,residential,True,True,8.84,14.72,7.89,5.47,5.55,3.64,7.14,8.6,4.74,1,0
628,Nehru Nagar,23.237408,77.455422,1358,3,16,0,fully-furnished,0,9402931.83,9406177.13,residential,True,False,5.68,13.29,5.04,2.09,5.08,5.0,5.33,9.13,3.86,0,1
629,Shahpura,23.205779,77.422344,2912,2,3,0,unfurnished,1,18471911.0,18356035.6,residential,True,False,7.04,12.55,6.08,4.23,3.45,1.48,5.15,6.48,4.74,0,0
630,Kolar Road,23.165556,77.40753,1672,2,16,10,unfurnished,0,5706059.78,5522835.22,budget,True,False,11.41,15.29,10.46,8.94,7.47,5.57,9.29,8.57,1.23,0,0
631,Raisen Road,23.175913,77.450977,2200,4,11,13,semi-furnished,0,15576586.52,15269938.72,premium_residential,True,True,11.03,16.97,10.1,7.49,7.82,5.9,9.4,10.72,3.86,1,0
632,Piplani,23.206408,77.486032,1321,4,12,4,unfurnished,0,5466228.72,5312234.62,budget,True,False,10.29,17.66,9.57,6.49,8.71,7.59,9.56,12.6,3.86,0,0
633,Govindpura,23.259661,77.480685,1344,2,3,2,fully-furnished,1,9561252.64,9168884.71,residential,False,False,7.17,14.98,6.97,5.01,8.19,8.51,7.83,12.08,3.86,0,1
634,Kolar Road,23.165713,77.41965,2247,1,10,2,unfurnished,0,10940871.25,11350440.53,budget,True,True,11.42,15.9,10.46,8.6,7.58,5.57,9.39,9.23,1.23,0,0
635,Indrapuri,23.256698,77.465184,1933,2,13,4,unfurnished,0,8620610.76,8915667.88,residential,True,True,5.67,13.51,5.39,3.44,6.6,7.05,6.21,10.46,2.46,0,0
636,Bittan Market,23.2567,77.4234,3331,4,15,20,fully-furnished,0,37188958.15,36724446.64,commercial,False,False,1.8,9.44,1.16,2.05,3.17,4.68,2.05,6.41,3.86,0,1
637,Jahangirabad,23.261169,77.39317,2240,3,7,6,unfurnished,0,7422001.28,7267372.1,budget,True,True,2.02,6.41,1.99,4.83,3.38,5.42,1.78,4.17,3.86,0,0
638,Arera Colony,23.228657,77.433705,1492,3,16,7,fully-furnished,0,13380871.28,13431424.77,premium_residential,False,True,4.97,11.81,4.08,1.49,2.88,2.6,3.73,6.91,10.0,0,1
639,Bairagarh,23.271047,77.348972,2477,4,14,2,semi-furnished,0,11467885.94,11689279.76,budget,True,False,6.38,2.17,6.63,9.43,7.2,8.95,6.21,4.58,0.7,1,0
640,Indrapuri,23.245277,77.469278,3290,4,2,6,fully-furnished,1,21124855.08,21976709.77,residential,True,False,6.47,14.28,6.02,3.47,6.62,6.67,6.59,10.63,2.46,0,1
641,Bittan Market,23.257102,77.430005,2487,1,18,7,fully-furnished,0,28546351.71,20718815.48,commercial,False,False,2.29,10.06,1.81,1.77,3.63,4.93,2.7,7.05,3.86,0,1
642,Misrod,23.162734,77.516206,1933,4,12,2,semi-furnished,0,11632576.04,11210394.69,residential,True,True,15.89,22.93,15.11,12.05,13.71,12.12,14.89,17.2,3.86,1,0
643,Bittan Market,23.250307,77.43023,1502,2,9,8,unfurnished,1,16822956.72,12881965.54,commercial,True,True,2.79,10.35,2.09,1.07,3.13,4.25,2.58,6.82,3.86,0,0
644,Danish Kunj,23.217156,77.442617,1569,2,5,6,fully-furnished,1,12298205.08,12904267.9,commercial,False,True,6.53,13.29,5.64,2.84,4.14,3.08,5.25,8.0,3.86,0,1
645,Ayodhya Bypass,23.278984,77.467748,2753,2,6,10,unfurnished,0,8727971.32,8766273.0,developing,True,False,5.89,13.37,6.03,5.25,8.12,9.01,7.21,11.57,0.0,0,0
646,DB City Road,23.22189,77.43365,3126,5,12,18,semi-furnished,1,36147163.75,35696513.74,commercial,True,False,5.65,12.24,4.73,2.24,3.09,2.26,4.23,7.0,3.86,1,0
647,Kolar Road,23.168379,77.420889,2232,4,16,4,unfurnished,0,7066997.37,6913803.71,budget,False,True,11.13,15.72,10.17,8.29,7.32,5.3,9.12,9.07,1.23,0,0
648,MP Nagar,23.233443,77.431503,1796,3,0,20,fully-furnished,1,19463511.73,20261920.74,commercial,True,False,4.4,11.34,3.51,1.04,2.61,2.77,3.24,6.67,7.37,0,1
649,Misrod,23.17122,77.505504,1128,4,2,0,semi-furnished,1,6221237.31,6433988.83,residential,True,True,14.46,21.49,13.67,10.61,12.27,10.71,13.45,15.8,3.86,1,0
650,MP Nagar,23.234878,77.428496,3466,5,20,24,fully-furnished,0,39889431.26,41210451.93,commercial,True,True,4.12,10.99,3.21,1.07,2.31,2.68,2.89,6.37,7.37,0,1
651,Indrapuri,23.25058,77.461164,1668,1,10,5,semi-furnished,1,11692709.16,11816201.37,residential,True,True,5.47,13.31,5.08,2.78,5.97,6.3,5.75,9.9,2.46,1,0
652,Shahpura,23.198513,77.438222,2938,2,12,10,fully-furnished,1,22888705.5,23206324.45,residential,False,True,8.23,14.27,7.29,4.82,5.05,3.23,6.58,8.29,4.74,0,1
653,Bawadia Kalan,23.203414,77.441619,1386,3,8,6,semi-furnished,1,8628501.09,8945504.04,premium_residential,True,False,7.85,14.16,6.92,4.32,4.9,3.26,6.32,8.37,3.86,1,0
654,Shahpura,23.205238,77.42086,1762,2,17,7,unfurnished,0,9713618.22,9630010.04,residential,True,False,7.07,12.49,6.11,4.34,3.43,1.43,5.15,6.37,4.74,0,0
655,Misrod,23.174574,77.513944,2685,2,11,7,semi-furnished,0,15339153.23,15019218.59,residential,True,False,14.78,21.97,14.03,10.96,12.81,11.33,13.89,16.44,3.86,1,0
656,Misrod,23.172656,77.503317,3033,5,15,0,fully-furnished,0,15751584.44,15900142.96,residential,True,True,14.19,21.22,13.4,10.35,12.0,10.43,13.17,15.53,3.86,0,1
657,Bittan Market,23.2567,77.4234,807,3,20,25,fully-furnished,0,7014830.77,7055643.33,commercial,False,True,1.8,9.44,1.16,2.05,3.17,4.68,2.05,6.41,3.86,0,1
658,Misrod,23.167218,77.520657,2820,2,2,1,fully-furnished,0,16733768.68,16424376.33,residential,False,False,15.85,23.01,15.09,12.02,13.81,12.29,14.93,17.4,3.86,0,1
659,Shamla Hills,23.238478,77.424327,2540,3,7,13,semi-furnished,1,40872272.32,40746972.92,premium_residential,True,False,3.58,10.42,2.66,1.22,1.97,2.8,2.32,5.97,3.86,1,0
660,Danish Kunj,23.214159,77.451839,2923,2,9,10,fully-furnished,0,21544911.37,22051102.85,commercial,True,False,7.31,14.25,6.46,3.5,5.13,4.02,6.18,9.0,3.86,0,1
661,Hoshangabad Road,23.2107,77.462551,2805,2,9,17,fully-furnished,1,24744101.56,24998714.73,commercial,True,True,8.28,15.37,7.47,4.43,6.29,5.14,7.28,10.15,5.96,0,1
662,Shamla Hills,23.2445,77.4156,2642,3,7,13,fully-furnished,0,44616124.71,42630242.71,premium_residential,True,True,2.69,9.31,1.73,2.07,1.61,3.22,1.21,5.21,3.86,0,1
663,Govindpura,23.266818,77.475949,1372,2,8,0,semi-furnished,1,7704406.69,7485085.96,residential,True,False,6.62,14.36,6.53,4.96,8.08,8.61,7.51,11.83,3.86,1,0
664,Nehru Nagar,23.240447,77.456582,1572,2,4,1,unfurnished,1,9324022.28,9098238.75,residential,False,False,5.58,13.26,4.99,2.15,5.24,5.28,5.37,9.28,3.86,0,0
665,Govindpura,23.264072,77.485674,3122,3,10,4,unfurnished,1,20239819.39,19866404.8,residential,True,True,7.63,15.39,7.49,5.68,8.85,9.21,8.41,12.69,3.86,0,0
666,Indrapuri,23.244536,77.456121,1131,2,3,4,fully-furnished,1,10813998.34,8273976.94,residential,True,False,5.3,13.05,4.77,2.12,5.29,5.49,5.26,9.28,2.46,0,1
667,Hoshangabad Road,23.21711,77.475805,1686,3,8,20,unfurnished,0,13588639.93,13906601.82,commercial,False,True,8.72,16.17,8.02,4.95,7.36,6.47,8.08,11.34,5.96,0,0
668,Ayodhya Bypass,23.270528,77.474977,2238,3,13,4,unfurnished,0,6071244.22,5816545.28,developing,False,True,6.52,14.2,6.49,5.12,8.19,8.82,7.53,11.88,0.0,0,0
669,Jahangirabad,23.257668,77.392984,1850,1,0,3,unfurnished,1,11247331.39,11086198.35,budget,True,True,2.23,6.58,2.02,4.69,3.04,5.07,1.53,3.87,3.86,0,0
670,Bawadia Kalan,23.217507,77.456898,3069,5,17,19,fully-furnished,0,37001482.06,36877611.16,premium_residential,True,False,7.33,14.48,6.53,3.48,5.48,4.54,6.38,9.43,3.86,0,1
671,Raisen Road,23.188828,77.432941,2559,4,9,1,fully-furnished,1,28694081.31,28764796.0,premium_residential,False,False,9.1,14.66,8.14,5.89,5.62,3.62,7.29,8.39,3.86,0,1
672,Misrod,23.16768,77.518133,2265,3,15,1,semi-furnished,0,11865418.24,12424492.75,residential,True,True,15.63,22.77,14.87,11.8,13.57,12.04,14.7,17.14,3.86,1,0
673,Nehru Nagar,23.249,77.447199,2933,2,15,1,semi-furnished,1,17786639.98,17626074.58,residential,False,False,4.26,12.02,3.74,1.42,4.57,5.12,4.32,8.47,3.86,1,0
674,Jahangirabad,23.249019,77.39429,2820,4,0,10,semi-furnished,1,15972913.06,16752746.94,budget,True,False,2.77,7.21,2.23,4.3,2.14,4.15,1.1,3.38,3.86,1,0
675,Nehru Nagar,23.234692,77.448021,3377,3,5,0,unfurnished,1,17767928.1,17651864.33,residential,True,False,5.3,12.74,4.58,1.51,4.3,4.2,4.69,8.37,3.86,0,0
676,MP Nagar,23.227544,77.438583,2988,4,19,6,semi-furnished,0,32666816.39,31875423.51,commercial,True,False,5.33,12.3,4.46,1.63,3.39,2.97,4.2,7.42,7.37,1,0
677,Anand Nagar,23.265405,77.446655,2617,4,12,3,unfurnished,0,9705650.06,9580602.94,budget,False,False,3.63,11.44,3.54,2.83,5.49,6.52,4.62,8.98,3.86,0,0
678,Anand Nagar,23.270802,77.432667,3311,1,18,1,fully-furnished,0,11587056.61,11817936.75,budget,True,True,2.2,9.92,2.38,3.2,5.0,6.45,3.69,7.98,3.86,0,1
679,Nehru Nagar,23.248598,77.454399,1240,3,2,5,fully-furnished,1,9643338.39,9225721.86,residential,True,False,4.93,12.72,4.46,2.06,5.25,5.63,5.06,9.18,3.86,0,1
680,Misrod,23.173539,77.514698,879,4,12,0,fully-furnished,1,7219476.69,5376671.75,residential,True,True,14.92,22.1,14.17,11.09,12.93,11.44,14.02,16.55,3.86,0,1
681,Raisen Road,23.180996,77.442529,1185,3,18,5,semi-furnished,0,11514122.15,11413584.17,premium_residential,True,True,10.2,15.97,9.26,6.79,6.87,4.91,8.49,9.69,3.86,1,0
682,Bairagarh,23.2615,77.3421,2246,2,6,1,unfurnished,0,8182384.8,8541431.02,budget,False,False,7.12,2.92,7.22,9.81,7.26,8.83,6.57,4.02,0.7,0,0
683,Bawadia Kalan,23.205403,77.450622,828,4,16,24,semi-furnished,1,6768026.42,6696198.52,premium_residential,False,False,8.06,14.73,7.18,4.33,5.5,4.05,6.75,9.15,3.86,1,0
684,Piplani,23.216214,77.481842,2672,2,3,5,fully-furnished,1,11743913.88,12343720.35,budget,False,False,9.25,16.76,8.58,5.53,7.98,7.09,8.68,11.97,3.86,0,1
685,DB City Road,23.228386,77.448221,1193,2,7,0,unfurnished,0,8680029.23,8884143.42,commercial,False,False,5.83,13.09,5.05,1.99,4.35,3.91,5.0,8.4,3.86,0,0
686,Bairagarh,23.271011,77.344425,2591,3,18,3,unfurnished,0,5778523.9,5941989.95,budget,False,True,6.85,1.96,7.08,9.87,7.58,9.29,6.64,4.78,0.7,0,0
687,Bittan Market,23.259555,77.431255,3315,3,4,10,unfurnished,1,30832429.4,32045463.07,commercial,True,True,2.27,10.09,1.91,1.99,3.92,5.23,2.91,7.27,3.86,0,0
688,Jahangirabad,23.246899,77.394163,2476,2,19,8,fully-furnished,0,9659587.14,9852980.5,budget,False,False,2.97,7.35,2.37,4.28,1.96,3.95,1.14,3.25,3.86,0,1
689,Piplani,23.204383,77.485253,1594,3,14,3,semi-furnished,0,5549597.05,5596185.83,budget,False,False,10.38,17.71,9.65,6.57,8.71,7.54,9.61,12.58,3.86,1,0
690,Piplani,23.201057,77.494205,1087,2,8,2,unfurnished,1,3281249.23,3270702.58,budget,False,False,11.3,18.69,10.59,7.52,9.7,8.51,10.58,13.56,3.86,0,0
691,Shamla Hills,23.238726,77.41525,1294,2,8,13,fully-furnished,1,17650464.43,17357207.96,premium_residential,True,False,3.32,9.62,2.36,2.11,1.14,2.58,1.58,5.05,3.86,0,1
692,DB City Road,23.238119,77.448062,2299,1,0,0,fully-furnished,1,19130119.53,20104034.25,commercial,True,False,5.05,12.57,4.36,1.35,4.34,4.4,4.58,8.39,3.86,0,1
693,Hoshangabad Road,23.219237,77.47717,2783,2,3,16,fully-furnished,1,30275296.14,29068844.83,commercial,True,False,8.67,16.18,8.0,4.95,7.44,6.62,8.11,11.45,5.96,0,1
694,MP Nagar,23.231152,77.436798,1389,4,17,11,fully-furnished,1,12347703.26,12925308.65,commercial,True,False,4.89,11.93,4.03,1.21,3.16,3.02,3.83,7.22,7.37,0,1
695,Bittan Market,23.2567,77.4234,2770,1,17,12,semi-furnished,0,15775002.54,16042779.72,commercial,True,False,1.8,9.44,1.16,2.05,3.17,4.68,2.05,6.41,3.86,1,0
696,Bawadia Kalan,23.215883,77.458694,2942,3,12,0,fully-furnished,1,29838074.7,29203098.73,premium_residential,True,True,7.58,14.73,6.78,3.74,5.72,4.72,6.63,9.64,3.86,0,1
697,Ayodhya Bypass,23.275444,77.463997,2634,2,19,9,semi-furnished,0,7951700.89,7681906.66,developing,False,False,5.45,13.02,5.53,4.71,7.57,8.46,6.69,11.05,0.0,1,0
698,Misrod,23.160173,77.513708,1900,5,5,5,unfurnished,1,13584695.95,13093528.8,residential,True,True,15.93,22.9,15.14,12.09,13.66,12.03,14.88,17.11,3.86,0,0
699,Bittan Market,23.2567,77.4234,1982,2,9,0,fully-furnished,1,13859839.66,14571259.41,commercial,False,False,1.8,9.44,1.16,2.05,3.17,4.68,2.05,6.41,3.86,0,1
700,Indrapuri,23.255868,77.45708,2348,3,0,0,fully-furnished,0,17273148.87,12928692.87,residential,False,False,4.89,12.74,4.57,2.68,5.81,6.37,5.38,9.63,2.46,0,1
701,Shahpura,23.204282,77.433281,1672,4,19,6,semi-furnished,0,14260566.98,13592584.31,residential,True,False,7.46,13.46,6.51,4.18,4.23,2.46,5.77,7.55,4.74,1,0
702,Bittan Market,23.256381,77.432965,1859,3,5,20,unfurnished,0,14889303.84,14562798.74,commercial,False,False,2.59,10.37,2.12,1.62,3.78,4.97,2.96,7.3,3.86,0,0
703,Jahangirabad,23.243231,77.391287,3372,2,11,1,unfurnished,0,18148984.74,13160816.36,budget,True,False,3.47,7.38,2.86,4.54,1.88,3.76,1.56,2.8,3.86,0,0
704,Nehru Nagar,23.242257,77.447365,3437,3,5,2,unfurnished,0,13299055.36,13022887.55,residential,True,True,4.7,12.32,4.06,1.2,4.36,4.62,4.41,8.36,3.86,0,0
705,Nehru Nagar,23.23298,77.45618,910,2,17,1,semi-furnished,0,4143818.99,3955887.08,residential,False,False,6.05,13.57,5.36,2.33,5.14,4.86,5.54,9.2,3.86,1,0
706,Kolar Road,23.174362,77.422248,1069,3,15,0,semi-furnished,0,6403352.09,4644760.8,budget,True,False,10.49,15.24,9.52,7.61,6.7,4.67,8.5,8.65,1.23,1,0
707,Bittan Market,23.264303,77.431155,1287,2,13,10,fully-furnished,0,12136013.33,12178902.31,commercial,True,False,2.08,9.93,1.96,2.51,4.32,5.72,3.14,7.49,3.86,0,1
708,Bawadia Kalan,23.21073,77.45386,3041,3,18,17,semi-furnished,0,27416980.7,28281977.35,premium_residential,False,False,7.74,14.64,6.89,3.94,5.48,4.26,6.58,9.29,3.86,1,0
709,Ayodhya Bypass,23.281612,77.476466,804,3,20,0,semi-furnished,0,2189587.17,2263890.52,developing,True,False,6.82,14.24,6.96,6.06,9.0,9.81,8.14,12.5,0.0,1,0
710,Govindpura,23.269974,77.476888,1642,2,10,6,fully-furnished,0,14511861.98,13902930.49,residential,True,True,6.71,14.4,6.67,5.24,8.33,8.92,7.7,12.04,3.86,0,1
711,Raisen Road,23.186677,77.439956,1846,3,5,15,semi-furnished,0,17034828.78,17738004.86,premium_residential,True,False,9.52,15.32,8.58,6.14,6.2,4.25,7.81,9.11,3.86,1,0
712,MP Nagar,23.229132,77.442089,1135,3,10,18,semi-furnished,0,12802753.04,12402463.51,commercial,False,False,5.38,12.51,4.55,1.57,3.72,3.37,4.41,7.77,7.37,1,0
713,DB City Road,23.232269,77.435773,1959,2,6,13,fully-furnished,0,13713354.78,14404426.99,commercial,True,False,4.73,11.78,3.87,1.08,3.05,3.01,3.68,7.11,3.86,0,1
714,Hoshangabad Road,23.214093,77.466519,2692,5,6,23,unfurnished,1,32870654.85,24464537.9,commercial,True,False,8.26,15.51,7.5,4.42,6.54,5.52,7.41,10.47,5.96,0,0
715,Misrod,23.174611,77.515953,1309,3,16,9,semi-furnished,0,7673202.84,5639354.9,residential,True,False,14.93,22.14,14.18,11.11,12.98,11.51,14.06,16.62,3.86,1,0
716,Bittan Market,23.2567,77.4234,2390,3,16,16,semi-furnished,0,15154441.25,14799553.33,commercial,True,False,1.8,9.44,1.16,2.05,3.17,4.68,2.05,6.41,3.86,1,0
717,Bittan Market,23.258682,77.433243,2026,2,17,18,fully-furnished,1,19995658.34,20398771.51,commercial,False,False,2.49,10.31,2.12,1.86,3.98,5.22,3.07,7.42,3.86,0,1
718,DB City Road,23.228357,77.435513,3288,3,5,5,semi-furnished,1,29681101.56,29320074.92,commercial,False,True,5.09,11.99,4.21,1.51,3.06,2.74,3.9,7.1,3.86,1,0
719,Hoshangabad Road,23.21153,77.460486,3213,3,6,18,unfurnished,1,30054218.44,29922748.62,commercial,True,True,8.07,15.15,7.26,4.23,6.06,4.92,7.06,9.93,5.96,0,0
720,Nehru Nagar,23.24977,77.454106,2273,2,5,1,semi-furnished,0,12243937.58,12510240.77,residential,True,True,4.85,12.65,4.39,2.08,5.26,5.69,5.03,9.18,3.86,1,0
721,Arera Colony,23.228877,77.440488,1712,3,4,22,fully-furnished,1,25737156.1,26386200.84,premium_residential,True,True,5.31,12.39,4.47,1.54,3.56,3.21,4.28,7.61,10.0,0,1
722,DB City Road,23.220157,77.435594,1085,3,1,6,fully-furnished,1,13202468.37,12666200.85,commercial,True,False,5.9,12.51,4.99,2.42,3.35,2.41,4.5,7.23,3.86,0,1
723,Katara Hills,23.195275,77.458624,1358,2,14,2,semi-furnished,0,7945926.59,8115753.72,residential,False,True,9.45,16.07,8.57,5.69,6.82,5.22,8.13,10.33,3.86,1,0
724,Bittan Market,23.2567,77.4234,2991,3,17,12,fully-furnished,1,24278644.93,24727185.26,commercial,True,False,1.8,9.44,1.16,2.05,3.17,4.68,2.05,6.41,3.86,0,1
725,Danish Kunj,23.217734,77.4532,1518,3,13,21,semi-furnished,0,22300592.41,16033340.2,commercial,True,True,7.07,14.15,6.25,3.24,5.12,4.16,6.05,9.05,3.86,1,0
726,Bairagarh,23.270587,77.337047,2165,4,15,0,semi-furnished,0,7959412.75,8318481.35,budget,True,False,7.6,1.87,7.82,10.57,8.19,9.84,7.34,5.14,0.7,1,0
727,Shamla Hills,23.238993,77.421822,1044,4,11,4,unfurnished,1,11184485.62,11382170.88,premium_residential,True,False,3.44,10.17,2.5,1.45,1.75,2.76,2.07,5.72,3.86,0,0
728,Bawadia Kalan,23.212144,77.443524,1230,2,8,25,unfurnished,1,11130654.2,11702737.13,premium_residential,False,False,7.06,13.7,6.16,3.4,4.48,3.19,5.71,8.23,3.86,0,0
729,Jahangirabad,23.255876,77.395822,3063,2,7,3,unfurnished,0,10830109.1,10849536.8,budget,True,False,2.11,6.93,1.77,4.35,2.74,4.78,1.18,3.95,3.86,0,0
730,Katara Hills,23.185202,77.451042,2860,2,19,0,semi-furnished,1,14191011.16,14668167.18,residential,True,False,10.08,16.24,9.16,6.49,7.02,5.18,8.53,10.16,3.86,1,0
731,Ayodhya Bypass,23.262407,77.467629,1001,3,15,1,semi-furnished,0,3492744.94,3422570.44,developing,True,False,5.8,13.61,5.64,3.98,7.1,7.65,6.57,10.87,0.0,1,0
732,Nehru Nagar,23.236244,77.44751,1904,3,5,3,semi-furnished,0,10013415.64,10308301.32,residential,True,False,5.15,12.62,4.43,1.38,4.26,4.24,4.59,8.32,3.86,1,0
733,DB City Road,23.233159,77.445027,2355,4,9,13,semi-furnished,1,30332386.27,29172816.74,commercial,True,True,5.22,12.55,4.45,1.37,3.99,3.85,4.47,8.06,3.86,1,0
734,Shahpura,23.195589,77.434633,2396,2,7,2,semi-furnished,1,18937034.45,19732343.82,residential,True,True,8.42,14.23,7.47,5.14,5.08,3.16,6.69,8.12,4.74,1,0
735,Ayodhya Bypass,23.278845,77.460436,3342,5,1,2,unfurnished,0,14095913.3,14450515.47,developing,True,True,5.16,12.62,5.33,4.81,7.54,8.55,6.54,10.89,0.0,0,0
736,Katara Hills,23.195009,77.444318,2964,2,19,2,unfurnished,0,12547499.49,12538466.86,residential,True,True,8.81,14.99,7.89,5.28,5.75,3.97,7.24,9.02,3.86,0,0
737,Hoshangabad Road,23.224095,77.474337,1940,5,20,14,fully-furnished,1,12778207.56,13396558.33,commercial,True,False,8.11,15.67,7.46,4.43,7.06,6.39,7.63,11.1,5.96,0,1
738,Bittan Market,23.256127,77.430773,2450,3,19,17,fully-furnished,0,25585489.1,24702789.69,commercial,True,False,2.42,10.17,1.91,1.64,3.6,4.86,2.74,7.08,3.86,0,1
739,Katara Hills,23.198172,77.446812,2538,2,3,9,unfurnished,1,16045666.5,16821675.7,residential,False,False,8.59,14.94,7.68,4.99,5.69,4.0,7.11,9.09,3.86,0,0
740,Nehru Nagar,23.244115,77.45922,2129,1,15,5,semi-furnished,0,11302589.38,11410876.16,residential,False,False,5.6,13.36,5.08,2.43,5.58,5.72,5.58,9.59,3.86,1,0
741,Indrapuri,23.257043,77.462891,1404,3,5,5,unfurnished,1,6477720.76,6710656.29,residential,True,False,5.43,13.28,5.16,3.25,6.4,6.9,5.98,10.24,2.46,0,0
742,Bairagarh,23.270617,77.348107,2926,3,19,2,unfurnished,0,9686964.22,9955769.55,budget,True,False,6.47,2.17,6.7,9.5,7.24,8.98,6.28,4.57,0.7,0,0
743,Katara Hills,23.190972,77.457338,2104,4,17,0,unfurnished,0,11319888.1,11903049.86,residential,True,False,9.79,16.28,8.9,6.07,7.02,5.33,8.4,10.41,3.86,0,0
744,Kolar Road,23.179603,77.407995,1346,4,0,7,unfurnished,1,7973668.2,8027387.31,budget,True,False,9.85,13.96,8.91,7.47,5.92,4.01,7.74,7.28,1.23,0,0
745,Danish Kunj,23.208922,77.453029,2371,1,9,24,fully-furnished,0,23055357.52,21995851.44,commercial,True,True,7.86,14.69,7.0,4.07,5.5,4.2,6.65,9.27,3.86,0,1
746,Anand Nagar,23.265017,77.449799,2464,3,9,4,unfurnished,0,9542523.0,9152482.34,budget,True,False,3.96,11.77,3.85,2.93,5.72,6.67,4.9,9.26,3.86,0,0
747,Jahangirabad,23.246192,77.399014,1333,3,16,2,fully-furnished,0,6004392.9,5949543.95,budget,True,False,2.77,7.79,2.06,3.77,1.63,3.66,0.71,3.66,3.86,0,1
748,Govindpura,23.264938,77.474898,2119,4,4,5,unfurnished,1,13604676.03,13266278.91,residential,False,True,6.52,14.29,6.4,4.76,7.89,8.4,7.36,11.67,3.86,0,0
749,Piplani,23.212873,77.486344,1010,4,16,0,fully-furnished,0,4285738.5,4280307.61,budget,True,True,9.85,17.34,9.17,6.11,8.52,7.55,9.26,12.49,3.86,0,1
750,Jahangirabad,23.251619,77.393069,2994,3,0,5,semi-furnished,0,15017147.67,15394897.08,budget,True,False,2.64,6.95,2.2,4.48,2.45,4.46,1.25,3.44,3.86,1,0
751,Anand Nagar,23.26478,77.451669,3411,2,8,0,unfurnished,0,11403151.77,10872359.39,budget,True,False,4.15,11.96,4.03,3.01,5.85,6.76,5.07,9.42,3.86,0,0
752,Shahpura,23.197687,77.427346,2759,2,16,7,fully-furnished,1,22397123.36,17163694.97,residential,False,True,8.01,13.55,7.05,4.98,4.48,2.49,6.17,7.37,4.74,0,1
753,Ayodhya Bypass,23.268116,77.463589,2100,4,18,6,unfurnished,0,7339500.52,5578858.12,developing,False,False,5.35,13.09,5.3,4.07,7.06,7.81,6.34,10.69,0.0,0,0
754,Misrod,23.165432,77.514661,2806,3,20,3,semi-furnished,0,11818524.28,12388373.18,residential,False,False,15.56,22.63,14.78,11.72,13.41,11.83,14.58,16.93,3.86,1,0
755,Indrapuri,23.242628,77.466133,807,1,18,7,fully-furnished,0,3971808.62,3959008.9,residential,False,True,6.3,14.08,5.8,3.13,6.25,6.24,6.3,10.27,2.46,0,1
756,Shahpura,23.206655,77.429289,1705,4,2,7,fully-furnished,1,16100225.23,16198545.1,residential,True,False,7.09,12.98,6.14,3.97,3.77,1.97,5.35,7.07,4.74,0,1
757,Raisen Road,23.194731,77.439665,1883,1,10,11,semi-furnished,0,16071024.02,15788600.33,premium_residential,False,False,8.67,14.67,7.73,5.25,5.46,3.61,7.02,8.62,3.86,1,0
758,DB City Road,23.227447,77.43784,2937,3,9,4,semi-furnished,1,27381774.06,28382681.47,commercial,False,True,5.3,12.24,4.43,1.63,3.32,2.9,4.15,7.35,3.86,1,0
759,Hoshangabad Road,23.212535,77.474548,3238,4,15,11,fully-furnished,1,36620912.92,37274139.95,commercial,True,True,8.96,16.31,8.23,5.15,7.37,6.35,8.21,11.31,5.96,0,1
760,Govindpura,23.258038,77.47887,885,3,16,0,fully-furnished,0,5441056.98,5337788.44,residential,True,False,7.01,14.84,6.78,4.77,7.96,8.25,7.62,11.85,3.86,0,1
761,Shahpura,23.200562,77.426346,1066,5,8,8,fully-furnished,0,8904809.25,8781784.88,residential,True,False,7.68,13.25,6.72,4.69,4.15,2.18,5.83,7.11,4.74,0,1
762,Govindpura,23.264833,77.470158,1703,2,5,6,unfurnished,0,8947287.32,8670288.33,residential,True,False,6.04,13.81,5.91,4.35,7.45,8.03,6.88,11.2,3.86,0,0
763,Arera Colony,23.236407,77.440633,830,3,15,1,semi-furnished,0,9981601.98,7433743.71,premium_residential,False,True,4.65,11.98,3.87,0.81,3.56,3.68,3.92,7.62,10.0,1,0
764,Bawadia Kalan,23.200213,77.449229,1401,3,7,20,unfurnished,0,14493225.65,14791450.11,premium_residential,True,True,8.5,14.98,7.6,4.83,5.72,4.12,7.08,9.23,3.86,0,0
765,Arera Colony,23.223512,77.435155,1106,3,10,0,fully-furnished,0,12416839.33,12647823.59,premium_residential,True,False,5.55,12.26,4.64,2.05,3.16,2.47,4.21,7.12,10.0,0,1
766,Ayodhya Bypass,23.269123,77.466322,2277,3,10,8,unfurnished,0,8196274.16,6127214.56,developing,False,False,5.63,13.35,5.59,4.35,7.36,8.08,6.64,10.99,0.0,0,0
767,Bittan Market,23.250789,77.432054,838,2,15,4,semi-furnished,1,7717766.78,7905535.54,commercial,True,True,2.89,10.5,2.23,1.04,3.32,4.38,2.77,7.01,3.86,1,0
768,Piplani,23.212785,77.499052,1500,4,6,4,unfurnished,0,6381784.36,6562962.54,budget,True,True,10.9,18.5,10.27,7.26,9.78,8.85,10.45,13.77,3.86,0,0
769,Jahangirabad,23.243147,77.391424,2760,3,1,3,unfurnished,1,18019224.66,13746570.21,budget,True,True,3.47,7.39,2.85,4.52,1.87,3.74,1.55,2.81,3.86,0,0
770,MP Nagar,23.232497,77.443332,1160,4,16,16,fully-furnished,0,14682086.76,10729009.81,commercial,True,True,5.16,12.43,4.37,1.32,3.82,3.66,4.35,7.88,7.37,0,1
771,Hoshangabad Road,23.224504,77.463575,1750,2,16,20,unfurnished,0,11662813.7,11885480.68,commercial,False,True,7.24,14.68,6.53,3.46,5.97,5.31,6.6,10.0,5.96,0,0
772,Jahangirabad,23.259484,77.39927,2329,4,11,2,fully-furnished,0,10958155.16,11323553.49,budget,True,False,1.58,7.05,1.36,4.19,3.01,5.05,1.26,4.48,3.86,0,1
773,MP Nagar,23.231055,77.424387,2527,3,7,19,fully-furnished,1,36349350.51,27553306.94,commercial,True,True,4.36,10.88,3.41,1.67,1.89,2.09,2.84,5.95,7.37,0,1
774,Bawadia Kalan,23.203782,77.45578,1984,3,0,23,semi-furnished,1,24299763.52,23325851.54,premium_residential,True,False,8.49,15.26,7.63,4.71,6.04,4.61,7.25,9.71,3.86,1,0
775,Bairagarh,23.2615,77.3421,2038,4,2,8,fully-furnished,1,14343265.04,13804923.14,budget,True,False,7.12,2.92,7.22,9.81,7.26,8.83,6.57,4.02,0.7,0,1
776,Hoshangabad Road,23.213573,77.459693,2925,1,16,15,semi-furnished,1,28802681.39,28065854.17,commercial,True,False,7.84,14.95,7.04,4.0,5.9,4.83,6.86,9.8,5.96,1,0
777,Arera Colony,23.240138,77.433202,2721,1,7,0,semi-furnished,1,27585556.6,26736671.93,premium_residential,True,False,3.86,11.12,3.04,0.32,2.89,3.44,3.06,6.89,10.0,1,0
778,Misrod,23.166325,77.508946,2709,4,18,4,semi-furnished,0,13492061.1,13152626.65,residential,True,False,15.1,22.1,14.31,11.25,12.87,11.27,14.07,16.36,3.86,1,0
779,Misrod,23.175035,77.505786,2879,2,8,0,semi-furnished,1,13377866.44,13600411.73,residential,True,False,14.17,21.26,13.39,10.33,12.06,10.54,13.2,15.65,3.86,1,0
780,Bairagarh,23.2615,77.3421,1107,2,12,5,fully-furnished,0,4647346.09,4719250.91,budget,False,False,7.12,2.92,7.22,9.81,7.26,8.83,6.57,4.02,0.7,0,1
781,Piplani,23.206872,77.486615,2356,2,10,7,unfurnished,1,8830069.07,8724330.06,budget,True,False,10.3,17.69,9.58,6.51,8.74,7.64,9.59,12.65,3.86,0,0
782,Shamla Hills,23.238501,77.407505,3429,4,1,10,fully-furnished,1,54051630.52,54935687.76,premium_residential,True,True,3.34,8.99,2.43,2.9,0.63,2.59,1.23,4.26,3.86,0,1
783,Raisen Road,23.177639,77.433761,1233,3,4,24,semi-furnished,1,15837318.45,15735333.38,premium_residential,False,False,10.32,15.66,9.36,7.13,6.76,4.73,8.48,9.23,3.86,1,0
784,Jahangirabad,23.248638,77.397911,904,2,5,0,unfurnished,1,3431323.49,3509919.31,budget,False,True,2.59,7.54,1.95,3.93,1.92,3.96,0.73,3.67,3.86,0,0
785,Danish Kunj,23.222284,77.448527,2075,4,2,15,semi-furnished,1,22828209.53,22293465.53,commercial,True,False,6.38,13.47,5.56,2.55,4.51,3.75,5.37,8.5,3.86,1,0
786,Jahangirabad,23.255575,77.399484,862,4,7,2,unfurnished,0,3322481.01,3317511.44,budget,True,False,1.87,7.27,1.43,3.99,2.59,4.63,0.89,4.22,3.86,0,0
787,Bairagarh,23.270076,77.33824,3262,2,0,0,unfurnished,1,15150766.15,15275461.4,budget,True,True,7.48,1.93,7.69,10.44,8.06,9.71,7.2,5.02,0.7,0,0
788,Jahangirabad,23.247931,77.392752,2071,4,0,5,semi-furnished,0,12951799.64,12547213.38,budget,True,False,2.97,7.16,2.43,4.43,2.14,4.12,1.26,3.18,3.86,1,0
789,Bittan Market,23.265706,77.433375,3220,4,11,22,semi-furnished,1,35133206.77,36684858.91,commercial,True,False,2.28,10.11,2.22,2.64,4.58,5.94,3.42,7.77,3.86,1,0
790,Indrapuri,23.245134,77.45829,1056,5,15,2,semi-furnished,0,5235359.39,5417248.34,residential,True,True,5.46,13.23,4.95,2.35,5.52,5.71,5.47,9.51,2.46,1,0
791,Hoshangabad Road,23.220572,77.462945,2842,3,11,16,semi-furnished,0,23319364.44,22364029.38,commercial,False,True,7.49,14.83,6.75,3.67,5.99,5.18,6.74,9.99,5.96,1,0
792,Katara Hills,23.201704,77.452233,2498,3,9,4,fully-furnished,0,15070172.64,14922421.81,residential,True,True,8.5,15.11,7.62,4.78,5.87,4.34,7.16,9.45,3.86,0,1
793,Raisen Road,23.175918,77.443038,3009,3,12,17,semi-furnished,1,48465987.33,48903709.2,premium_residential,True,True,10.76,16.42,9.81,7.36,7.37,5.39,9.02,10.08,3.86,1,0
794,Ayodhya Bypass,23.278543,77.470337,1440,2,1,5,fully-furnished,0,7277517.74,7011816.72,developing,True,False,6.14,13.64,6.26,5.39,8.29,9.14,7.42,11.79,0.0,0,1
795,Nehru Nagar,23.237052,77.448747,2640,2,18,1,fully-furnished,1,19763315.52,14716542.2,residential,False,True,5.18,12.69,4.48,1.45,4.4,4.4,4.68,8.45,3.86,0,1
796,Ayodhya Bypass,23.266412,77.467086,2481,2,14,5,unfurnished,0,8250592.87,8307317.82,developing,False,False,5.71,13.47,5.62,4.21,7.26,7.92,6.63,10.96,0.0,0,0
797,Kolar Road,23.177843,77.417834,3355,1,4,1,unfurnished,0,13805536.03,14079733.73,budget,False,False,10.06,14.67,9.1,7.33,6.23,4.22,8.03,8.06,1.23,0,0
798,Bairagarh,23.27134,77.335758,2635,4,10,2,unfurnished,0,10668094.95,10166702.86,budget,True,True,7.74,1.8,7.96,10.72,8.35,10.0,7.49,5.28,0.7,0,0
799,Raisen Road,23.187159,77.442848,1084,3,2,23,semi-furnished,1,12850491.87,13218503.7,premium_residential,True,False,9.57,15.49,8.63,6.12,6.32,4.42,7.91,9.33,3.86,1,0
800,Anand Nagar,23.274809,77.434148,3155,3,3,6,unfurnished,1,12908413.1,12438871.58,budget,False,True,2.44,10.0,2.75,3.64,5.45,6.92,4.1,8.35,3.86,0,0
801,Jahangirabad,23.259173,77.396423,1799,1,16,10,unfurnished,0,4588253.38,4687660.97,budget,False,False,1.84,6.81,1.66,4.44,3.06,5.1,1.39,4.24,3.86,0,0
802,Kolar Road,23.175238,77.422783,2515,3,12,6,unfurnished,0,12027357.9,11782915.67,budget,True,False,10.4,15.2,9.43,7.51,6.62,4.59,8.41,8.61,1.23,0,0
803,Nehru Nagar,23.242892,77.462074,2083,4,1,3,semi-furnished,1,13562325.97,13296411.26,residential,False,False,5.92,13.68,5.4,2.71,5.84,5.9,5.89,9.86,3.86,1,0
804,Raisen Road,23.178994,77.432303,1306,4,0,15,semi-furnished,1,21190437.42,16146400.18,premium_residential,True,True,10.14,15.45,9.18,6.99,6.56,4.53,8.28,9.02,3.86,1,0
805,Hoshangabad Road,23.212339,77.463216,930,3,10,3,fully-furnished,0,9092925.52,8845290.81,commercial,True,True,8.18,15.33,7.39,4.33,6.29,5.19,7.24,10.18,5.96,0,1
806,Misrod,23.166398,77.502521,3051,4,10,8,fully-furnished,0,17278757.8,17731466.63,residential,True,False,14.66,21.58,13.85,10.82,12.33,10.7,13.57,15.77,3.86,0,1
807,Shamla Hills,23.236548,77.420346,3358,1,14,17,fully-furnished,1,45886816.54,44583973.21,premium_residential,True,True,3.66,10.19,2.7,1.67,1.52,2.45,2.12,5.55,3.86,0,1
808,Shahpura,23.202788,77.436708,3135,2,20,1,unfurnished,0,13317683.57,13791599.31,residential,False,True,7.73,13.83,6.79,4.34,4.59,2.85,6.1,7.94,4.74,0,0
809,Kolar Road,23.167231,77.404686,2388,4,3,5,unfurnished,1,15093407.96,14515519.6,budget,True,True,11.24,14.99,10.29,8.86,7.28,5.42,9.1,8.27,1.23,0,0
810,Ayodhya Bypass,23.27116,77.476655,3063,2,9,7,unfurnished,0,10275040.97,10377428.89,developing,True,False,6.69,14.36,6.67,5.3,8.37,8.99,7.72,12.06,0.0,0,0
811,Hoshangabad Road,23.22394,77.466657,3304,3,7,11,semi-furnished,0,32383533.96,24845247.96,commercial,True,False,7.51,14.98,6.82,3.76,6.29,5.61,6.91,10.32,5.96,1,0
812,Katara Hills,23.185412,77.4604,3372,3,6,2,fully-furnished,1,25972185.1,27110748.23,residential,True,False,10.48,16.92,9.59,6.76,7.67,5.93,9.08,10.97,3.86,0,1
813,MP Nagar,23.2376,77.425999,3015,4,14,19,unfurnished,0,26255867.76,26892017.92,commercial,False,False,3.74,10.62,2.82,1.1,2.11,2.8,2.52,6.13,7.37,0,0
814,Hoshangabad Road,23.207054,77.474034,3353,4,5,20,fully-furnished,1,50810834.31,36955711.09,commercial,True,False,9.36,16.58,8.59,5.52,7.53,6.36,8.48,11.39,5.96,0,1
815,Katara Hills,23.196218,77.446252,3008,2,0,0,unfurnished,0,17456045.18,17210655.79,residential,False,True,8.77,15.04,7.85,5.19,5.79,4.06,7.25,9.14,3.86,0,0
816,Danish Kunj,23.224688,77.450266,1741,1,3,7,unfurnished,1,17269249.84,16606412.7,commercial,False,False,6.28,13.48,5.48,2.43,4.62,3.98,5.38,8.64,3.86,0,0
817,Anand Nagar,23.278391,77.442497,3291,3,5,1,unfurnished,1,11906860.84,11834052.3,budget,True,True,3.37,10.8,3.68,4.09,6.26,7.6,5.0,9.28,3.86,0,0
818,Danish Kunj,23.214261,77.450476,2677,2,18,18,fully-furnished,0,22096637.14,23180620.01,commercial,True,False,7.22,14.13,6.37,3.43,5.0,3.88,6.07,8.86,3.86,0,1
819,Bairagarh,23.2615,77.3421,2011,1,13,7,semi-furnished,0,7665012.95,7497986.28,budget,False,True,7.12,2.92,7.22,9.81,7.26,8.83,6.57,4.02,0.7,1,0
820,Danish Kunj,23.221942,77.459112,2153,3,9,10,semi-furnished,1,17413637.71,17719210.33,commercial,False,False,7.11,14.42,6.35,3.27,5.57,4.81,6.32,9.58,3.86,1,0
821,Bawadia Kalan,23.203429,77.452785,2516,2,1,7,fully-furnished,1,31752365.43,31477384.64,premium_residential,True,True,8.36,15.04,7.49,4.62,5.8,4.33,7.06,9.43,3.86,0,1
822,Govindpura,23.271204,77.472403,1954,3,16,5,semi-furnished,0,16082319.84,11651103.38,residential,False,False,6.26,13.93,6.25,4.96,8.0,8.68,7.31,11.66,3.86,1,0
823,Bittan Market,23.258981,77.430617,2980,3,5,21,unfurnished,0,42112120.36,30952210.32,commercial,True,True,2.24,10.05,1.85,1.95,3.82,5.15,2.83,7.19,3.86,0,0
824,Arera Colony,23.223416,77.428158,2333,3,20,18,fully-furnished,0,32297608.09,32512894.17,premium_residential,True,True,5.28,11.69,4.34,2.19,2.5,1.81,3.73,6.42,10.0,0,1
825,Danish Kunj,23.211579,77.44633,3381,3,11,20,semi-furnished,0,30408731.65,29933912.42,commercial,False,False,7.25,13.96,6.37,3.54,4.76,3.48,5.95,8.52,3.86,1,0
826,Ayodhya Bypass,23.263467,77.459352,3340,4,18,3,fully-furnished,0,13571977.16,13649958.68,developing,True,False,4.95,12.76,4.8,3.4,6.42,7.14,5.78,10.11,0.0,0,1
827,Jahangirabad,23.253298,77.397819,1390,1,17,2,unfurnished,0,4448164.88,4571791.93,budget,True,True,2.18,7.25,1.68,4.06,2.4,4.44,0.85,3.94,3.86,0,0
828,Piplani,23.201126,77.485443,3196,1,3,2,fully-furnished,1,20774745.1,14993750.66,budget,False,False,10.64,17.92,9.9,6.82,8.86,7.63,9.82,12.69,3.86,0,1
829,Hoshangabad Road,23.207412,77.459569,3365,1,6,17,fully-furnished,0,35613148.12,36286087.78,commercial,True,False,8.38,15.33,7.54,4.55,6.17,4.89,7.27,9.96,5.96,0,1
830,Indrapuri,23.257535,77.461389,3243,3,14,6,semi-furnished,1,19116765.9,18907567.38,residential,False,True,5.27,13.11,5.0,3.15,6.29,6.82,5.84,10.11,2.46,1,0
831,Bittan Market,23.263455,77.432615,1758,2,13,17,semi-furnished,0,11782821.97,11479742.28,commercial,False,False,2.25,10.1,2.09,2.4,4.34,5.68,3.23,7.58,3.86,1,0
832,Indrapuri,23.238629,77.463949,1433,3,9,5,semi-furnished,0,6683779.13,6886429.65,residential,True,False,6.32,14.03,5.76,2.93,5.96,5.84,6.15,10.01,2.46,1,0
833,Kolar Road,23.170756,77.40948,1694,5,19,4,unfurnished,0,7998718.27,5969462.1,budget,True,False,10.83,14.89,9.88,8.33,6.9,4.98,8.72,8.18,1.23,0,0
834,Shahpura,23.188866,77.438301,2360,5,20,1,fully-furnished,0,11556151.66,11098809.19,residential,True,False,9.24,15.03,8.29,5.89,5.9,3.96,7.52,8.84,4.74,0,1
835,Ayodhya Bypass,23.263081,77.461172,974,4,11,7,unfurnished,0,4476847.06,4319315.59,developing,True,False,5.14,12.95,4.98,3.51,6.56,7.24,5.94,10.27,0.0,0,0
836,Jahangirabad,23.258541,77.394318,1156,1,8,1,unfurnished,0,3302390.31,3337913.11,budget,False,False,2.06,6.65,1.88,4.6,3.07,5.11,1.49,4.04,3.86,0,0
837,DB City Road,23.235273,77.431806,1529,4,8,3,semi-furnished,1,13906056.0,13301553.05,commercial,True,True,4.24,11.26,3.36,0.84,2.65,2.93,3.16,6.71,3.86,1,0
838,MP Nagar,23.231132,77.4317,1743,4,19,22,semi-furnished,0,19813004.82,19833709.42,commercial,False,False,4.64,11.49,3.74,1.27,2.64,2.6,3.4,6.7,7.37,1,0
839,Bairagarh,23.2615,77.3421,1353,2,10,3,unfurnished,0,6275646.78,4530122.0,budget,True,True,7.12,2.92,7.22,9.81,7.26,8.83,6.57,4.02,0.7,0,0
840,Arera Colony,23.236919,77.429933,1880,3,4,17,fully-furnished,1,23957725.41,24528391.41,premium_residential,True,False,3.98,11.0,3.1,0.81,2.49,2.95,2.9,6.53,10.0,0,1
841,Katara Hills,23.195336,77.444975,3278,2,14,1,unfurnished,0,20159051.34,20952874.95,residential,True,True,8.81,15.01,7.88,5.26,5.77,4.0,7.25,9.06,3.86,0,0
842,Arera Colony,23.237825,77.42345,3287,2,1,15,fully-furnished,1,43994838.58,45895642.04,premium_residential,False,False,3.62,10.38,2.69,1.33,1.86,2.7,2.28,5.87,10.0,0,1
843,Jahangirabad,23.249274,77.397734,2035,3,17,2,unfurnished,1,6956509.22,7038449.97,budget,True,False,2.54,7.49,1.92,3.96,1.99,4.03,0.74,3.69,3.86,0,0
844,Shamla Hills,23.235795,77.420377,854,3,4,17,unfurnished,1,11255815.36,11486545.25,premium_residential,True,False,3.74,10.24,2.79,1.7,1.5,2.37,2.18,5.54,3.86,0,0
845,Ayodhya Bypass,23.278527,77.469336,1226,4,6,5,fully-furnished,1,6774557.68,5054421.52,developing,True,False,6.04,13.53,6.16,5.32,8.21,9.07,7.33,11.69,0.0,0,1
846,Piplani,23.218691,77.484354,3028,2,10,10,unfurnished,0,15191656.4,10974877.79,budget,True,False,9.29,16.86,8.65,5.62,8.17,7.35,8.8,12.19,3.86,0,0
847,Piplani,23.216825,77.486651,1804,3,20,1,semi-furnished,1,5635129.73,5545424.09,budget,True,True,9.6,17.16,8.95,5.92,8.45,7.58,9.1,12.45,3.86,1,0
848,Nehru Nagar,23.236305,77.444085,1956,3,5,4,semi-furnished,0,10710975.8,10725534.82,residential,True,True,4.9,12.3,4.15,1.07,3.91,3.96,4.25,7.97,3.86,1,0
849,Hoshangabad Road,23.216107,77.459594,2873,3,10,8,fully-furnished,1,30760549.45,30255683.04,commercial,True,False,7.62,14.79,6.83,3.78,5.8,4.81,6.69,9.73,5.96,0,1
850,MP Nagar,23.236391,77.435253,2343,2,18,10,unfurnished,0,21581146.43,16398617.98,commercial,True,True,4.32,11.5,3.49,0.62,3.02,3.27,3.41,7.07,7.37,0,0
851,Kolar Road,23.182902,77.418832,2003,4,18,6,fully-furnished,0,10622091.36,10701537.85,budget,True,True,9.51,14.27,8.55,6.77,5.7,3.68,7.5,7.72,1.23,0,1
852,Jahangirabad,23.253453,77.396748,2719,3,3,3,semi-furnished,0,14136815.92,13605622.22,budget,True,False,2.23,7.15,1.77,4.17,2.46,4.5,0.96,3.86,3.86,1,0
853,Katara Hills,23.185784,77.44321,3445,2,9,7,semi-furnished,0,24905238.87,24362037.24,residential,False,False,9.73,15.63,8.79,6.27,6.47,4.55,8.06,9.44,3.86,1,0
854,Raisen Road,23.181795,77.437106,1768,1,18,3,fully-furnished,0,18972541.67,18560662.79,premium_residential,True,True,9.96,15.53,9.01,6.67,6.5,4.51,8.18,9.2,3.86,0,1
855,Danish Kunj,23.222094,77.452557,2377,3,7,7,fully-furnished,1,22586011.32,23602027.78,commercial,True,True,6.65,13.83,5.85,2.81,4.92,4.15,5.73,8.91,3.86,0,1
856,Ayodhya Bypass,23.271201,77.464913,2498,4,12,2,semi-furnished,0,10465097.15,10428201.17,developing,True,True,5.49,13.17,5.5,4.41,7.36,8.16,6.59,10.95,0.0,1,0
857,Anand Nagar,23.26555,77.449546,828,2,16,3,unfurnished,0,2658072.2,2559982.46,budget,True,False,3.93,11.73,3.83,2.97,5.73,6.7,4.9,9.25,3.86,0,0
858,Ayodhya Bypass,23.267017,77.473676,3407,3,14,8,semi-furnished,1,15280890.46,15392946.45,developing,True,False,6.38,14.13,6.3,4.78,7.88,8.46,7.29,11.62,0.0,1,0
859,Piplani,23.203452,77.500946,1563,4,1,0,unfurnished,1,7050158.5,7385686.69,budget,True,True,11.66,19.15,10.99,7.93,10.25,9.14,11.06,14.16,3.86,0,0
860,Jahangirabad,23.251827,77.3922,2637,3,14,3,unfurnished,1,13412783.33,9759175.19,budget,True,False,2.69,6.86,2.27,4.57,2.52,4.52,1.34,3.38,3.86,0,0
861,Misrod,23.159468,77.519046,2376,2,11,8,fully-furnished,0,10062505.53,10239443.08,residential,False,False,16.35,23.38,15.57,12.51,14.15,12.55,15.35,17.63,3.86,0,1
862,Shamla Hills,23.234613,77.406196,3341,3,16,3,fully-furnished,1,37818277.43,39690540.02,premium_residential,False,True,3.79,9.16,2.88,3.12,0.18,2.21,1.64,4.09,3.86,0,1
863,Misrod,23.174388,77.518339,3172,3,16,4,semi-furnished,0,11782998.99,11862052.91,residential,True,False,15.12,22.36,14.38,11.3,13.21,11.75,14.27,16.86,3.86,1,0
864,Anand Nagar,23.274314,77.444853,928,2,1,4,semi-furnished,1,4501810.41,4641804.75,budget,False,False,3.49,11.09,3.67,3.7,6.06,7.29,4.92,9.25,3.86,1,0
865,Shahpura,23.207189,77.434146,1524,2,14,0,semi-furnished,0,9000557.93,8981610.16,residential,True,True,7.18,13.31,6.24,3.86,4.06,2.39,5.55,7.51,4.74,1,0
866,Nehru Nagar,23.234687,77.458131,2276,3,12,3,semi-furnished,0,13895717.82,14538240.69,residential,False,False,6.08,13.67,5.43,2.44,5.34,5.12,5.68,9.4,3.86,1,0
867,Nehru Nagar,23.246084,77.457601,3062,3,5,6,semi-furnished,1,18022042.12,18620489.94,residential,True,False,5.35,13.13,4.85,2.3,5.48,5.71,5.4,9.46,3.86,1,0
868,Indrapuri,23.257629,77.463939,1178,3,15,9,unfurnished,0,5388749.91,4028822.11,residential,True,False,5.52,13.36,5.26,3.38,6.53,7.02,6.1,10.36,2.46,0,0
869,Govindpura,23.261271,77.476366,2430,3,19,2,unfurnished,0,11116289.09,11519904.23,residential,True,False,6.71,14.51,6.53,4.69,7.85,8.26,7.42,11.69,3.86,0,0
870,Kolar Road,23.175455,77.422836,2726,4,17,6,semi-furnished,1,14244657.62,14477636.31,budget,True,False,10.37,15.18,9.41,7.48,6.6,4.57,8.39,8.6,1.23,1,0
871,DB City Road,23.235806,77.44139,1658,3,17,14,semi-furnished,0,12810977.13,12703082.09,commercial,True,False,4.75,12.08,3.97,0.91,3.64,3.7,4.02,7.69,3.86,1,0
872,Indrapuri,23.239636,77.466536,1472,1,11,8,semi-furnished,0,9284501.1,9283035.64,residential,True,False,6.49,14.24,5.96,3.18,6.24,6.13,6.39,10.29,2.46,1,0
873,Indrapuri,23.24946,77.465171,1072,1,9,0,unfurnished,0,5714490.23,5757478.68,residential,True,False,5.9,13.74,5.5,3.14,6.32,6.56,6.16,10.28,2.46,0,0
874,Anand Nagar,23.273276,77.44978,1006,2,20,0,semi-furnished,0,2740119.83,2719874.78,budget,False,True,3.97,11.6,4.08,3.76,6.32,7.43,5.29,9.64,3.86,1,0
875,Bittan Market,23.266053,77.433323,1629,2,18,17,fully-furnished,0,13339051.01,13473252.89,commercial,True,False,2.27,10.1,2.23,2.67,4.61,5.98,3.44,7.78,3.86,0,1
876,Anand Nagar,23.265906,77.4388,2480,3,17,2,semi-furnished,1,9109234.54,8757646.07,budget,True,True,2.83,10.65,2.76,2.67,4.95,6.18,3.91,8.27,3.86,1,0
877,Misrod,23.173742,77.515934,2379,2,8,4,unfurnished,0,9133454.06,9494294.02,residential,False,False,14.99,22.19,14.24,11.17,13.03,11.55,14.11,16.66,3.86,0,0
878,Bairagarh,23.271464,77.33217,2351,4,17,4,semi-furnished,0,8319237.86,7964382.15,budget,True,True,8.1,1.85,8.33,11.08,8.67,10.3,7.84,5.52,0.7,1,0
879,Hoshangabad Road,23.224124,77.4736,1019,3,5,2,semi-furnished,0,11074117.47,8291781.02,commercial,True,False,8.05,15.6,7.39,4.36,6.99,6.31,7.56,11.02,5.96,1,0
880,Shamla Hills,23.234623,77.414883,1474,4,13,23,fully-furnished,0,19234878.83,20155557.06,premium_residential,True,True,3.77,9.86,2.81,2.27,0.93,2.12,1.92,4.98,3.86,0,1
881,Danish Kunj,23.220118,77.456993,1203,2,15,25,fully-furnished,1,14958341.57,11228788.02,commercial,False,False,7.11,14.33,6.33,3.27,5.41,4.57,6.23,9.39,3.86,0,1
882,Indrapuri,23.255341,77.466201,1203,5,9,4,unfurnished,0,7253748.69,6985224.12,residential,False,False,5.8,13.65,5.51,3.46,6.64,7.03,6.3,10.52,2.46,0,0
883,Arera Colony,23.234895,77.427806,1055,3,16,18,semi-furnished,0,17027940.86,16254468.59,premium_residential,True,True,4.09,10.93,3.18,1.12,2.24,2.64,2.83,6.3,10.0,1,0
884,Bittan Market,23.250854,77.431636,1952,2,17,5,fully-furnished,0,9885929.19,10254769.91,commercial,True,False,2.85,10.46,2.19,1.06,3.29,4.36,2.73,6.98,3.86,0,1
885,Piplani,23.210635,77.486691,1350,2,20,1,unfurnished,0,4106983.24,4082296.17,budget,True,False,10.03,17.49,9.34,6.28,8.62,7.6,9.4,12.57,3.86,0,0
886,Bittan Market,23.257585,77.432411,2126,4,9,10,unfurnished,0,14283308.99,14579398.33,commercial,True,True,2.48,10.27,2.04,1.76,3.84,5.07,2.95,7.3,3.86,0,0
887,Indrapuri,23.245259,77.474777,1621,3,13,0,fully-furnished,0,8308775.72,8477110.01,residential,True,True,6.99,14.81,6.57,4.03,7.17,7.16,7.16,11.19,2.46,0,1
888,Ayodhya Bypass,23.277585,77.473352,928,2,2,0,unfurnished,1,3676681.57,2727655.07,developing,False,False,6.43,13.95,6.52,5.52,8.48,9.26,7.66,12.02,0.0,0,0
889,Shahpura,23.199141,77.425518,3459,3,2,5,fully-furnished,1,25580267.59,25853679.62,residential,False,True,7.82,13.31,6.86,4.86,4.25,2.25,5.95,7.12,4.74,0,1
890,Govindpura,23.26185,77.482265,2041,3,1,10,fully-furnished,1,15135693.65,15821573.43,residential,True,False,7.3,15.09,7.13,5.26,8.43,8.78,8.03,12.29,3.86,0,1
891,Danish Kunj,23.217251,77.448016,3357,3,19,16,fully-furnished,0,26688108.0,27683991.95,commercial,False,False,6.81,13.74,5.95,3.02,4.64,3.63,5.66,8.54,3.86,0,1
892,Kolar Road,23.170582,77.418868,2386,1,20,8,unfurnished,0,7949036.98,7823583.22,budget,False,False,10.87,15.4,9.91,8.09,7.04,5.03,8.84,8.75,1.23,0,0
893,Nehru Nagar,23.238947,77.459134,1181,2,4,9,unfurnished,1,8900063.3,9048424.59,residential,True,False,5.89,13.57,5.3,2.43,5.48,5.42,5.66,9.52,3.86,0,0
894,Bairagarh,23.270203,77.351198,2254,3,10,3,semi-furnished,0,9973538.84,9965409.75,budget,True,True,6.15,2.38,6.39,9.18,6.96,8.72,5.97,4.41,0.7,1,0
895,Bawadia Kalan,23.213752,77.448328,2204,3,5,7,fully-furnished,1,33859595.69,25618959.95,premium_residential,True,False,7.15,13.98,6.28,3.39,4.83,3.66,5.94,8.66,3.86,0,1
896,Hoshangabad Road,23.209395,77.47583,1829,3,19,19,fully-furnished,1,17233964.79,16617725.32,commercial,True,False,9.3,16.6,8.55,5.48,7.61,6.51,8.5,11.51,5.96,0,1
897,Hoshangabad Road,23.214375,77.461982,1379,3,9,2,semi-furnished,0,11333196.45,11522068.05,commercial,True,True,7.93,15.1,7.14,4.08,6.09,5.06,7.0,10.01,5.96,1,0
898,Kolar Road,23.167023,77.409153,3238,3,7,7,fully-furnished,0,24063211.73,17252400.83,budget,False,False,11.24,15.23,10.29,8.73,7.31,5.39,9.13,8.51,1.23,0,1
899,Anand Nagar,23.264088,77.440587,3154,3,3,0,semi-furnished,0,12765245.84,13197528.45,budget,True,False,3.04,10.87,2.9,2.5,4.94,6.09,3.99,8.35,3.86,1,0
900,Bawadia Kalan,23.205241,77.45199,2459,3,5,16,semi-furnished,1,30234037.51,29129836.1,premium_residential,False,True,8.15,14.85,7.27,4.4,5.62,4.19,6.86,9.29,3.86,1,0
901,Misrod,23.16363,77.506988,2065,4,2,2,unfurnished,0,15463857.0,11440471.35,residential,True,True,15.19,22.12,14.39,11.35,12.88,11.25,14.11,16.32,3.86,0,0
902,DB City Road,23.230529,77.445607,1998,2,3,23,semi-furnished,1,25195344.99,26010627.53,commercial,True,False,5.48,12.74,4.69,1.63,4.06,3.76,4.65,8.12,3.86,1,0
903,Raisen Road,23.180154,77.434278,2066,2,12,8,fully-furnished,0,15123785.06,15518734.03,premium_residential,False,False,10.06,15.48,9.11,6.85,6.53,4.51,8.23,9.09,3.86,0,1
904,Bawadia Kalan,23.205424,77.460418,2414,3,18,11,fully-furnished,0,18671064.26,18873482.0,premium_residential,True,False,8.61,15.53,7.77,4.78,6.35,5.02,7.48,10.1,3.86,0,1
905,MP Nagar,23.228154,77.431986,1991,2,7,14,semi-furnished,1,25186756.34,24138980.2,commercial,False,False,4.94,11.7,4.04,1.58,2.71,2.42,3.63,6.74,7.37,1,0
906,Ayodhya Bypass,23.274985,77.459507,920,3,4,1,unfurnished,1,3050886.84,3090338.78,developing,False,False,4.98,12.57,5.08,4.4,7.18,8.14,6.26,10.62,0.0,0,0
907,Raisen Road,23.193517,77.445342,1305,4,12,19,fully-furnished,0,16983673.9,16468030.56,premium_residential,True,False,9.01,15.18,8.08,5.46,5.94,4.15,7.44,9.19,3.86,0,1
908,MP Nagar,23.229914,77.434898,863,3,5,21,fully-furnished,0,8491671.03,8297761.91,commercial,True,True,4.91,11.84,4.03,1.34,2.98,2.78,3.74,7.03,7.37,0,1
909,Danish Kunj,23.212423,77.45898,1192,3,17,11,semi-furnished,0,8910470.69,8740840.63,commercial,True,False,7.9,14.96,7.08,4.06,5.88,4.76,6.88,9.75,3.86,1,0
910,Bairagarh,23.270695,77.34968,3348,4,11,5,unfurnished,0,17377698.31,17905960.05,budget,False,True,6.31,2.25,6.55,9.35,7.12,8.87,6.13,4.52,0.7,0,0
911,Indrapuri,23.244972,77.457558,1388,2,20,2,fully-furnished,0,5057727.55,4857176.68,residential,True,False,5.4,13.17,4.89,2.27,5.44,5.64,5.4,9.43,2.46,0,1
912,DB City Road,23.219961,77.444073,2157,3,20,7,semi-furnished,0,19828594.3,14468061.77,commercial,True,True,6.34,13.23,5.47,2.59,4.16,3.26,5.16,8.09,3.86,1,0
913,Katara Hills,23.184544,77.461011,3271,3,2,6,semi-furnished,1,29710573.31,29882484.48,residential,True,True,10.6,17.03,9.71,6.87,7.78,6.03,9.19,11.08,3.86,1,0
914,Indrapuri,23.247713,77.475393,1976,2,0,5,semi-furnished,0,12249420.99,12883141.5,residential,True,True,6.95,14.79,6.57,4.12,7.29,7.35,7.21,11.28,2.46,1,0
915,Jahangirabad,23.244526,77.395505,862,3,18,4,semi-furnished,0,2625981.95,2545822.4,budget,False,False,3.11,7.62,2.44,4.11,1.67,3.65,1.11,3.25,3.86,1,0
916,Misrod,23.171979,77.50682,1046,3,3,4,fully-furnished,1,6328758.1,6525342.75,residential,True,False,14.49,21.55,13.7,10.64,12.34,10.79,13.5,15.89,3.86,0,1
917,Raisen Road,23.194515,77.447251,2740,2,1,25,unfurnished,0,36522480.89,35204776.4,premium_residential,False,False,8.98,15.25,8.06,5.39,6.0,4.25,7.46,9.31,3.86,0,0
918,Piplani,23.200564,77.499505,1539,2,9,7,unfurnished,1,6317918.18,6619287.54,budget,False,True,11.75,19.18,11.06,7.99,10.22,9.05,11.08,14.1,3.86,0,0
919,DB City Road,23.237276,77.429953,1056,3,10,23,fully-furnished,1,12116584.64,11654115.49,commercial,False,True,3.95,10.98,3.07,0.78,2.5,2.99,2.89,6.53,3.86,0,1
920,MP Nagar,23.226978,77.43948,2491,1,9,15,semi-furnished,1,23284606.19,23938683.92,commercial,True,True,5.43,12.41,4.57,1.71,3.49,3.03,4.31,7.52,7.37,1,0
921,Anand Nagar,23.282196,77.440218,2514,3,18,6,unfurnished,0,6671679.74,6925695.73,budget,True,False,3.32,10.54,3.75,4.48,6.48,7.9,5.12,9.33,3.86,0,0
922,Shamla Hills,23.235072,77.423778,1634,3,0,14,semi-furnished,1,22605796.21,23336945.07,premium_residential,True,False,3.92,10.58,2.98,1.43,1.83,2.44,2.49,5.89,3.86,1,0
923,Bittan Market,23.248958,77.431578,2060,2,2,21,semi-furnished,1,25361305.65,25683185.59,commercial,True,True,3.0,10.54,2.29,0.87,3.16,4.17,2.72,6.91,3.86,1,0
924,Anand Nagar,23.264071,77.441959,2970,4,3,2,unfurnished,1,14977795.43,14266872.66,budget,True,False,3.18,11.01,3.04,2.53,5.04,6.15,4.12,8.48,3.86,0,0
925,Hoshangabad Road,23.208008,77.460172,1231,4,3,12,fully-furnished,1,8750535.62,8700529.72,commercial,False,False,8.36,15.34,7.53,4.53,6.2,4.94,7.27,10.0,5.96,0,1
926,Shamla Hills,23.238205,77.412706,2571,3,1,5,fully-furnished,1,40137203.94,39950487.56,premium_residential,True,False,3.36,9.44,2.4,2.38,0.9,2.5,1.47,4.79,3.86,0,1
927,Kolar Road,23.170982,77.420757,2342,2,12,3,unfurnished,0,10580854.9,10079081.53,budget,True,True,10.84,15.47,9.88,8.01,7.03,5.01,8.83,8.84,1.23,0,0
928,Hoshangabad Road,23.2074,77.463031,1995,3,12,13,fully-furnished,1,17710209.35,18069312.73,commercial,True,False,8.59,15.62,7.77,4.75,6.49,5.24,7.54,10.3,5.96,0,1
929,Jahangirabad,23.261977,77.397019,2286,3,16,4,unfurnished,0,5958681.57,5704269.88,budget,False,True,1.63,6.72,1.61,4.53,3.34,5.38,1.61,4.5,3.86,0,0
930,MP Nagar,23.240503,77.432904,1462,4,1,25,fully-furnished,1,17499384.53,17013923.38,commercial,True,True,3.81,11.07,2.99,0.32,2.88,3.45,3.02,6.87,7.37,0,1
931,Nehru Nagar,23.23743,77.446862,1503,3,19,3,semi-furnished,0,6961929.79,7074969.95,residential,True,True,5.01,12.5,4.3,1.26,4.21,4.26,4.48,8.26,3.86,1,0
932,Indrapuri,23.257531,77.471181,1805,2,3,0,semi-furnished,0,10853272.55,10661308.36,residential,True,False,6.25,14.08,6.0,4.03,7.2,7.58,6.83,11.07,2.46,1,0
933,Danish Kunj,23.209699,77.447577,2515,3,12,3,semi-furnished,1,17845913.77,18158044.24,commercial,False,True,7.5,14.19,6.61,3.78,4.98,3.64,6.19,8.71,3.86,1,0
934,Arera Colony,23.223216,77.432499,1948,4,20,19,semi-furnished,1,21857653.26,21306322.86,premium_residential,True,False,5.46,12.06,4.54,2.1,2.92,2.2,4.04,6.86,10.0,1,0
935,Danish Kunj,23.215574,77.451823,977,4,11,9,unfurnished,0,8050498.39,7839965.45,commercial,True,True,7.18,14.16,6.34,3.36,5.07,4.01,6.08,8.96,3.86,0,0
936,Danish Kunj,23.212251,77.455382,2234,3,16,16,fully-furnished,0,18847510.08,18010244.45,commercial,True,True,7.69,14.67,6.86,3.87,5.55,4.39,6.6,9.4,3.86,0,1
937,Anand Nagar,23.278312,77.451853,1601,4,15,6,unfurnished,0,5552049.02,5387324.13,budget,False,False,4.29,11.75,4.5,4.35,6.87,8.02,5.77,10.1,3.86,0,0
938,Bawadia Kalan,23.208191,77.449683,3464,3,3,4,semi-furnished,1,30076187.99,30388728.46,premium_residential,True,False,7.75,14.46,6.87,4.01,5.25,3.88,6.46,8.96,3.86,1,0
939,Misrod,23.162631,77.512109,3213,2,3,5,fully-furnished,1,23090611.22,23175079.23,residential,True,True,15.62,22.61,14.83,11.77,13.37,11.76,14.58,16.83,3.86,0,1
940,Bawadia Kalan,23.201463,77.451442,2367,1,6,12,fully-furnished,1,27328426.66,27102351.21,premium_residential,True,False,8.49,15.07,7.6,4.77,5.82,4.27,7.13,9.38,3.86,0,1
941,Shahpura,23.19693,77.430917,3015,4,3,1,unfurnished,0,24107517.66,24707629.76,residential,True,True,8.18,13.86,7.22,5.01,4.74,2.79,6.39,7.72,4.74,0,0
942,Govindpura,23.258687,77.475349,903,2,0,1,unfurnished,0,5988298.57,6122392.91,residential,True,False,6.64,14.47,6.42,4.47,7.65,8.0,7.27,11.52,3.86,0,0
943,Bawadia Kalan,23.208612,77.450524,2238,2,4,12,unfurnished,1,19846833.44,19411547.37,premium_residential,False,True,7.75,14.5,6.88,4.0,5.3,3.96,6.49,9.03,3.86,0,0
944,Raisen Road,23.186659,77.446231,1014,2,17,20,fully-furnished,0,9780118.39,9901918.69,premium_residential,True,True,9.74,15.77,8.81,6.22,6.58,4.7,8.13,9.65,3.86,0,1
945,Shamla Hills,23.235459,77.419798,1749,2,19,18,semi-furnished,1,20880428.49,20620451.42,premium_residential,True,False,3.76,10.21,2.81,1.77,1.44,2.32,2.16,5.48,3.86,1,0
946,DB City Road,23.223499,77.429679,1092,1,5,6,fully-furnished,1,8711180.74,8855603.38,commercial,True,False,5.33,11.81,4.39,2.14,2.64,1.95,3.82,6.57,3.86,0,1
947,Raisen Road,23.184187,77.449533,2394,2,1,7,fully-furnished,1,32906762.85,31346651.84,premium_residential,True,True,10.12,16.21,9.2,6.56,7.01,5.14,8.54,10.08,3.86,0,1
948,Piplani,23.200635,77.483541,926,5,0,2,unfurnished,1,3388746.54,3295334.18,budget,False,False,10.54,17.78,9.79,6.71,8.71,7.45,9.68,12.52,3.86,0,0
949,Bittan Market,23.24724,77.431382,2549,4,3,11,fully-furnished,1,24842189.13,25867529.4,commercial,False,False,3.13,10.6,2.38,0.72,3.04,4.0,2.71,6.85,3.86,0,1
950,Bittan Market,23.252394,77.432599,1784,3,6,4,unfurnished,1,14001346.98,14198359.45,commercial,True,True,2.82,10.49,2.21,1.19,3.47,4.56,2.84,7.12,3.86,0,0
951,Bawadia Kalan,23.207387,77.459514,2857,2,2,19,fully-furnished,1,38038419.53,36819387.04,premium_residential,True,False,8.38,15.33,7.54,4.55,6.17,4.89,7.26,9.95,3.86,0,1
952,Misrod,23.172538,77.51618,2472,3,10,0,fully-furnished,0,15399621.26,15848518.32,residential,True,False,15.11,22.29,14.35,11.28,13.12,11.63,14.21,16.74,3.86,0,1
953,Shahpura,23.201848,77.419213,2811,1,2,1,unfurnished,1,21856092.33,22969931.82,residential,True,True,7.43,12.65,6.46,4.75,3.71,1.67,5.46,6.42,4.74,0,0
954,Arera Colony,23.22182,77.425656,2261,1,2,6,fully-furnished,1,28690761.96,29026279.83,premium_residential,True,True,5.37,11.6,4.42,2.46,2.36,1.5,3.71,6.2,10.0,0,1
955,Nehru Nagar,23.242174,77.446292,1077,4,14,0,fully-furnished,1,6959042.57,6693587.38,residential,True,False,4.62,12.22,3.97,1.09,4.25,4.53,4.3,8.25,3.86,0,1
956,Jahangirabad,23.261583,77.397691,2655,2,7,4,unfurnished,0,10097836.28,10282711.22,budget,True,False,1.59,6.8,1.54,4.44,3.28,5.32,1.54,4.52,3.86,0,0
957,Anand Nagar,23.26992,77.44356,1376,4,14,1,semi-furnished,0,4263220.75,4270033.21,budget,False,False,3.3,11.03,3.36,3.2,5.61,6.8,4.55,8.91,3.86,1,0
958,Katara Hills,23.193554,77.460692,2600,4,13,1,unfurnished,0,22204164.25,16708200.87,residential,True,False,9.72,16.35,8.84,5.95,7.1,5.5,8.41,10.6,3.86,0,0
959,Shahpura,23.20504,77.42111,1610,3,3,0,semi-furnished,1,9535316.18,9905897.83,residential,True,False,7.1,12.52,6.14,4.35,3.46,1.46,5.18,6.4,4.74,1,0
960,Bawadia Kalan,23.21182,77.448325,1286,3,16,18,fully-furnished,1,14104138.17,13748151.24,premium_residential,True,False,7.33,14.11,6.46,3.59,4.93,3.68,6.08,8.71,3.86,0,1
961,Nehru Nagar,23.237377,77.448606,3439,2,3,3,unfurnished,1,37139144.7,26579406.9,residential,False,False,5.14,12.66,4.45,1.43,4.39,4.4,4.66,8.44,3.86,0,0
962,Hoshangabad Road,23.224131,77.457496,1881,2,3,20,fully-furnished,1,21785563.82,21413475.07,commercial,True,False,6.82,14.15,6.07,2.99,5.36,4.69,6.06,9.38,5.96,0,1
963,Ayodhya Bypass,23.276352,77.460492,3169,3,10,0,unfurnished,0,10056312.02,10541385.37,developing,True,True,5.11,12.65,5.23,4.58,7.36,8.32,6.41,10.77,0.0,0,0
964,Anand Nagar,23.275445,77.451879,1414,3,2,7,unfurnished,1,5776408.69,5799050.79,budget,True,False,4.22,11.79,4.37,4.06,6.64,7.75,5.6,9.94,3.86,0,0
965,Bawadia Kalan,23.200694,77.454097,3309,2,12,22,fully-furnished,0,41574446.59,40111663.46,premium_residential,True,False,8.69,15.33,7.81,4.95,6.09,4.56,7.37,9.67,3.86,0,1
966,Nehru Nagar,23.231676,77.443331,1674,1,8,0,unfurnished,1,9696226.61,9707372.27,residential,False,True,5.23,12.48,4.43,1.39,3.82,3.61,4.39,7.89,3.86,0,0
967,Bairagarh,23.271119,77.345002,1862,3,2,5,unfurnished,1,7609413.5,7414958.61,budget,True,False,6.79,1.97,7.03,9.82,7.54,9.26,6.59,4.76,0.7,0,0
968,Shahpura,23.207482,77.424338,2645,2,6,8,unfurnished,1,20918640.28,20556037.97,residential,True,False,6.89,12.56,5.93,3.99,3.39,1.5,5.05,6.57,4.74,0,0
969,Danish Kunj,23.218064,77.449708,3074,4,11,8,fully-furnished,1,28223546.39,28298761.3,commercial,False,False,6.83,13.83,5.99,3.02,4.77,3.81,5.74,8.69,3.86,0,1
970,Raisen Road,23.189976,77.436806,2074,4,12,13,semi-furnished,1,20140213.11,20778241.35,premium_residential,False,True,9.08,14.84,8.13,5.76,5.71,3.77,7.34,8.64,3.86,1,0
971,Indrapuri,23.242141,77.46518,2120,2,19,4,semi-furnished,0,8144206.58,8561455.44,residential,True,False,6.24,14.01,5.73,3.03,6.14,6.13,6.21,10.17,2.46,1,0
972,Danish Kunj,23.215283,77.444852,2559,4,9,19,unfurnished,1,27694666.72,27886524.93,commercial,True,False,6.82,13.6,5.94,3.11,4.43,3.3,5.56,8.27,3.86,0,0
973,Shamla Hills,23.237417,77.409304,3049,4,11,14,fully-furnished,1,42976831.19,45064234.82,premium_residential,False,False,3.45,9.21,2.51,2.74,0.59,2.44,1.4,4.43,3.86,0,1
974,Nehru Nagar,23.234167,77.442743,2561,2,6,2,semi-furnished,1,13488394.65,13994892.69,residential,False,False,4.98,12.29,4.2,1.13,3.76,3.71,4.21,7.82,3.86,1,0
975,Ayodhya Bypass,23.276909,77.467918,2464,2,5,0,unfurnished,0,7567251.43,7501964.92,developing,False,False,5.87,13.4,5.97,5.09,7.99,8.84,7.12,11.48,0.0,0,0
976,Jahangirabad,23.25077,77.394927,1795,3,17,2,unfurnished,0,5979249.31,6083376.62,budget,True,True,2.58,7.15,2.07,4.27,2.27,4.29,1.04,3.54,3.86,0,0
977,Ayodhya Bypass,23.262541,77.459906,1232,3,3,1,semi-furnished,0,5397725.08,5674403.48,developing,False,True,5.02,12.84,4.85,3.37,6.41,7.1,5.8,10.13,0.0,1,0
978,MP Nagar,23.233664,77.442785,831,1,18,1,fully-furnished,0,6169264.09,6393592.82,commercial,True,True,5.03,12.32,4.24,1.18,3.77,3.68,4.24,7.83,7.37,0,1
979,Kolar Road,23.18133,77.41999,1744,2,2,7,unfurnished,1,12911513.16,13545986.85,budget,True,True,9.69,14.48,8.73,6.91,5.9,3.87,7.69,7.93,1.23,0,0
980,Kolar Road,23.169451,77.416616,2912,4,1,0,unfurnished,1,15368719.68,15464912.15,budget,False,False,10.98,15.38,10.03,8.27,7.12,5.13,8.93,8.71,1.23,0,0
981,Govindpura,23.260001,77.481097,3439,1,15,9,unfurnished,0,33641221.92,25141834.01,residential,False,False,7.2,15.01,7.01,5.06,8.25,8.56,7.87,12.13,3.86,0,0
982,Govindpura,23.271938,77.469703,3371,2,7,0,fully-furnished,0,20363918.64,19926528.05,residential,False,False,5.99,13.65,5.99,4.81,7.82,8.55,7.08,11.43,3.86,0,1
983,Katara Hills,23.195405,77.448006,1234,3,9,8,semi-furnished,0,8008703.35,8112242.91,residential,True,False,8.92,15.24,8.01,5.31,5.99,4.26,7.43,9.34,3.86,1,0
984,Ayodhya Bypass,23.270319,77.471141,1715,3,7,0,fully-furnished,1,6350547.23,6102800.85,developing,False,True,6.13,13.81,6.1,4.8,7.84,8.52,7.15,11.5,0.0,0,1
985,Katara Hills,23.183015,77.456534,3442,5,9,5,unfurnished,0,21782879.7,21651817.78,residential,True,False,10.54,16.81,9.63,6.87,7.58,5.77,9.05,10.76,3.86,0,0
986,Jahangirabad,23.256646,77.393306,1348,2,13,1,semi-furnished,0,4975135.16,4761856.53,budget,True,True,2.26,6.66,2.01,4.62,2.92,4.96,1.44,3.81,3.86,1,0
987,Raisen Road,23.18252,77.441324,817,4,0,13,fully-furnished,1,11280237.63,10997420.67,premium_residential,True,True,10.01,15.76,9.06,6.61,6.66,4.7,8.29,9.49,3.86,0,1
988,Hoshangabad Road,23.206858,77.464867,3043,2,0,23,unfurnished,1,31783514.28,32186800.83,commercial,True,False,8.76,15.81,7.94,4.91,6.68,5.44,7.73,10.49,5.96,0,0
989,Hoshangabad Road,23.215521,77.464255,1756,3,10,25,unfurnished,0,13140773.39,13492295.2,commercial,True,False,7.99,15.23,7.22,4.15,6.27,5.29,7.13,10.21,5.96,0,0
990,MP Nagar,23.229897,77.442691,1614,3,13,9,semi-furnished,0,14834797.05,15334879.47,commercial,True,False,5.35,12.52,4.53,1.52,3.77,3.46,4.42,7.83,7.37,1,0
991,Bawadia Kalan,23.205055,77.443729,2956,3,11,13,fully-furnished,0,31734501.08,31890075.82,premium_residential,True,False,7.77,14.2,6.86,4.18,4.95,3.39,6.31,8.5,3.86,0,1
992,Shamla Hills,23.239761,77.414138,1677,4,15,10,semi-furnished,0,17623530.7,18280352.12,premium_residential,True,False,3.2,9.47,2.24,2.21,1.12,2.68,1.42,4.95,3.86,1,0
993,Jahangirabad,23.245892,77.395254,938,3,20,10,unfurnished,0,3246022.07,3145632.78,budget,False,True,2.99,7.5,2.36,4.15,1.8,3.8,1.07,3.29,3.86,0,0
994,Katara Hills,23.191995,77.457901,2266,5,7,0,unfurnished,0,13715978.37,13343828.8,residential,True,True,9.72,16.25,8.83,5.99,6.99,5.32,8.35,10.41,3.86,0,0
995,DB City Road,23.239084,77.440477,3215,2,13,6,semi-furnished,1,27027535.16,26551426.82,commercial,True,False,4.42,11.83,3.67,0.59,3.59,3.86,3.81,7.62,3.86,1,0
996,Nehru Nagar,23.248975,77.451587,989,4,7,1,semi-furnished,0,6376752.64,6368498.59,residential,True,True,4.66,12.44,4.17,1.81,4.99,5.44,4.77,8.91,3.86,1,0
997,Nehru Nagar,23.236664,77.45048,1418,2,16,6,semi-furnished,0,8146599.45,7892184.23,residential,True,False,5.34,12.87,4.65,1.63,4.57,4.52,4.86,8.63,3.86,1,0
998,MP Nagar,23.227569,77.435148,1227,3,4,14,semi-furnished,1,14182987.9,13524817.89,commercial,True,True,5.15,12.0,4.26,1.6,3.04,2.66,3.92,7.07,7.37,1,0
999,Anand Nagar,23.274113,77.435042,2703,2,15,1,fully-furnished,0,8888531.37,9305900.74,budget,False,False,2.51,10.1,2.78,3.56,5.44,6.88,4.12,8.39,3.86,0,1
1000,Misrod,23.173101,77.510403,1094,3,10,0,fully-furnished,1,6030718.97,5877165.43,residential,True,False,14.65,21.77,13.88,10.81,12.58,11.06,13.7,16.17,3.86,0,1
